 WARN The package `fsspec==2026.4.0` does not have an extra named `http`
 WARN The package `fsspec==2026.4.0` does not have an extra named `http`
INFO __main__: VGGT weights: checkpoints/vggt_omega/vggt_omega_1b_512.pt  devices: ['cuda:0', 'cuda:1', 'cuda:2', 'cuda:3']
INFO preprocessing.run_vggt: Loading VGGT-Omega on cuda:0 from 'checkpoints/vggt_omega/vggt_omega_1b_512.pt' …
INFO dinov3: using base=100 for rope new
INFO dinov3: using min_period=None for rope new
INFO dinov3: using max_period=None for rope new
INFO dinov3: using normalize_coords=max for rope new
INFO dinov3: using shift_coords=None for rope new
INFO dinov3: using rescale_coords=None for rope new
INFO dinov3: using jitter_coords=None for rope new
INFO dinov3: using dtype=fp32 for rope new
INFO dinov3: using mlp layer as FFN
INFO preprocessing.run_vggt: VGGT-Omega ready.
INFO __main__: MapAnything: device=cuda:0  batch_size=8
INFO __main__: Reading images from /tmp/centered_test_3031597 (centered-crop tree)
INFO __main__: Found 52 scene(s).
INFO __main__: Gym_010_cooking1: all 1 trial(s) already built -- skipping
INFO __main__: 
============================================================
Scene: Gym_010_dips1  cameras=['cam_00', 'cam_04', 'cam_05', 'cam_06']  sync persons=[1]
INFO __main__: 
-- Trial 1/1 --
INFO __main__:   true shifts: {'cam_00': 0, 'cam_04': -37, 'cam_05': 25, 'cam_06': 14}  end_cuts: {'cam_00': 20, 'cam_04': 19, 'cam_05': 39, 'cam_06': 3}
INFO __main__:   shift_hat:   {'cam_00': 0, 'cam_04': -36, 'cam_05': 25, 'cam_06': 14}  |err|={'cam_00': 0, 'cam_04': 1, 'cam_05': 0, 'cam_06': 0}
INFO preprocessing.run_vggt: Loading VGGT-Omega on cuda:1 from 'checkpoints/vggt_omega/vggt_omega_1b_512.pt' …
INFO preprocessing.run_vggt: Loading VGGT-Omega on cuda:2 from 'checkpoints/vggt_omega/vggt_omega_1b_512.pt' …
INFO preprocessing.run_vggt: Loading VGGT-Omega on cuda:0 from 'checkpoints/vggt_omega/vggt_omega_1b_512.pt' …
INFO preprocessing.run_vggt: Loading VGGT-Omega on cuda:3 from 'checkpoints/vggt_omega/vggt_omega_1b_512.pt' …
INFO dinov3: using base=100 for rope new
INFO dinov3: using base=100 for rope new
INFO dinov3: using min_period=None for rope new
INFO dinov3: using max_period=None for rope new
INFO dinov3: using min_period=None for rope new
INFO dinov3: using normalize_coords=max for rope new
INFO dinov3: using max_period=None for rope new
INFO dinov3: using shift_coords=None for rope new
INFO dinov3: using normalize_coords=max for rope new
INFO dinov3: using rescale_coords=None for rope new
INFO dinov3: using shift_coords=None for rope new
INFO dinov3: using jitter_coords=None for rope new
INFO dinov3: using rescale_coords=None for rope new
INFO dinov3: using dtype=fp32 for rope new
INFO dinov3: using jitter_coords=None for rope new
INFO dinov3: using dtype=fp32 for rope new
INFO dinov3: using base=100 for rope new
INFO dinov3: using min_period=None for rope new
INFO dinov3: using max_period=None for rope new
INFO dinov3: using base=100 for rope new
INFO dinov3: using normalize_coords=max for rope new
INFO dinov3: using shift_coords=None for rope new
INFO dinov3: using min_period=None for rope new
INFO dinov3: using rescale_coords=None for rope new
INFO dinov3: using jitter_coords=None for rope new
INFO dinov3: using max_period=None for rope new
INFO dinov3: using dtype=fp32 for rope new
INFO dinov3: using normalize_coords=max for rope new
INFO dinov3: using shift_coords=None for rope new
INFO dinov3: using rescale_coords=None for rope new
INFO dinov3: using jitter_coords=None for rope new
INFO dinov3: using dtype=fp32 for rope new
INFO dinov3: using mlp layer as FFN
INFO dinov3: using mlp layer as FFN
INFO dinov3: using mlp layer as FFN
INFO dinov3: using mlp layer as FFN
INFO preprocessing.run_vggt: VGGT-Omega ready.
INFO preprocessing.run_vggt: VGGT-Omega ready.
INFO preprocessing.run_vggt: VGGT-Omega ready.
INFO preprocessing.run_vggt: VGGT-Omega ready.
/users/tnanni/ghost/preprocessing/run_vggt.py:224: UserWarning: Found images with different shapes: {(448, 592), (432, 608)}; padding to a common size.
  sample = load_and_preprocess_images(present, image_resolution=self.resolution)
INFO preprocessing.run_vggt:   VGGT-Omega output resolution: 448×608
/users/tnanni/ghost/preprocessing/run_vggt.py:224: UserWarning: Found images with different shapes: {(448, 592), (432, 608)}; padding to a common size.
  sample = load_and_preprocess_images(present, image_resolution=self.resolution)
/users/tnanni/ghost/preprocessing/run_vggt.py:224: UserWarning: Found images with different shapes: {(448, 592), (432, 608)}; padding to a common size.
  sample = load_and_preprocess_images(present, image_resolution=self.resolution)
INFO preprocessing.run_vggt:   VGGT-Omega output resolution: 448×608
INFO preprocessing.run_vggt:   VGGT-Omega output resolution: 448×608
/users/tnanni/ghost/preprocessing/run_vggt.py:224: UserWarning: Found images with different shapes: {(448, 592), (432, 608)}; padding to a common size.
  sample = load_and_preprocess_images(present, image_resolution=self.resolution)
INFO preprocessing.run_vggt:   VGGT-Omega output resolution: 448×608
/users/tnanni/ghost/preprocessing/run_vggt.py:172: UserWarning: Found images with different shapes: {(448, 592), (432, 608)}; padding to a common size.
  images = load_and_preprocess_images(
/users/tnanni/ghost/preprocessing/run_vggt.py:172: UserWarning: Found images with different shapes: {(448, 592), (432, 608)}; padding to a common size.
  images = load_and_preprocess_images(
/users/tnanni/ghost/preprocessing/run_vggt.py:172: UserWarning: Found images with different shapes: {(448, 592), (432, 608)}; padding to a common size.
  images = load_and_preprocess_images(
/users/tnanni/ghost/preprocessing/run_vggt.py:172: UserWarning: Found images with different shapes: {(448, 592), (432, 608)}; padding to a common size.
  images = load_and_preprocess_images(
INFO preprocessing.run_vggt:   [cuda:3] 20/118 frames done.
INFO preprocessing.run_vggt:   [cuda:0] 20/118 frames done.
INFO preprocessing.run_vggt:   [cuda:1] 20/118 frames done.
INFO preprocessing.run_vggt:   [cuda:2] 20/118 frames done.
INFO preprocessing.run_vggt:   [cuda:0] 40/118 frames done.
INFO preprocessing.run_vggt:   [cuda:1] 40/118 frames done.
INFO preprocessing.run_vggt:   [cuda:3] 40/118 frames done.
INFO preprocessing.run_vggt:   [cuda:2] 40/118 frames done.
INFO preprocessing.run_vggt:   [cuda:0] 60/118 frames done.
INFO preprocessing.run_vggt:   [cuda:3] 60/118 frames done.
INFO preprocessing.run_vggt:   [cuda:1] 60/118 frames done.
INFO preprocessing.run_vggt:   [cuda:2] 60/118 frames done.
INFO preprocessing.run_vggt:   [cuda:0] 80/118 frames done.
INFO preprocessing.run_vggt:   [cuda:3] 80/118 frames done.
INFO preprocessing.run_vggt:   [cuda:1] 80/118 frames done.
INFO preprocessing.run_vggt:   [cuda:2] 80/118 frames done.
INFO preprocessing.run_vggt:   [cuda:0] 100/118 frames done.
INFO preprocessing.run_vggt:   [cuda:3] 100/118 frames done.
INFO preprocessing.run_vggt:   [cuda:1] 100/118 frames done.
INFO preprocessing.run_vggt:   [cuda:2] 100/118 frames done.
INFO preprocessing.run_vggt:   [cuda:3] 118/118 frames done.
INFO preprocessing.run_vggt:   [cuda:0] 118/118 frames done.
INFO preprocessing.run_vggt:   [cuda:1] 118/118 frames done.
INFO preprocessing.run_vggt:   [cuda:2] 118/118 frames done.
INFO preprocessing.run_vggt: [rank 3] chunk saved → /tmp/tmprh26nyem/chunk_03.npz
INFO preprocessing.run_vggt: [rank 0] chunk saved → /tmp/tmprh26nyem/chunk_00.npz
INFO preprocessing.run_vggt: [rank 1] chunk saved → /tmp/tmprh26nyem/chunk_01.npz
INFO preprocessing.run_vggt: [rank 2] chunk saved → /tmp/tmprh26nyem/chunk_02.npz
INFO preprocessing.run_vggt: Saved cameras → /iopsstor/scratch/cscs/tnanni/ghost_outputs/rich_test_sync/Gym_010_dips1/trial0/vggt_cameras_centered.npz  extrinsics shape=(472, 4, 3, 4)
INFO preprocessing.run_vggt: Depth stats → valid_frames=472/472  nonzero_pixels=514260992  raw depth: min=0.1328 max=8.5234 mean=0.8741
INFO preprocessing.run_vggt: Saved depth   → /iopsstor/scratch/cscs/tnanni/ghost_outputs/rich_test_sync/Gym_010_dips1/trial0/vggt_depth_centered.npz  depth shape=(472, 4, 448, 608) dtype=uint16
INFO preprocessing.run_mapanything: Loading MapAnything from 'facebook/map-anything' on cuda:0 …
INFO httpx: HTTP Request: HEAD https://huggingface.co/facebook/map-anything/resolve/main/config.json "HTTP/1.1 307 Temporary Redirect"
INFO httpx: HTTP Request: HEAD https://huggingface.co/api/resolve-cache/models/facebook/map-anything/a1d87e9086706fb9974f3be5a3e3a0ca5401c5aa/config.json "HTTP/1.1 200 OK"
Using cache found in /users/tnanni/.cache/torch/hub/facebookresearch_dinov2_main
INFO httpx: HTTP Request: HEAD https://huggingface.co/facebook/map-anything/resolve/main/model.safetensors "HTTP/1.1 302 Found"
INFO preprocessing.run_mapanything: MapAnything ready.
INFO preprocessing.run_mapanything: trial0: T=472  K=4  MA=448×602
INFO preprocessing.run_mapanything: trial0: scale mean=8.6834  std=0.1417  nan_filled=0  time=65.3s
INFO __main__:   Built /iopsstor/scratch/cscs/tnanni/ghost_outputs/rich_test_sync/Gym_010_dips1/trial0  (sync_mae=0.25 frames)
INFO __main__: 
============================================================
Scene: Gym_010_dips2  cameras=['cam_01', 'cam_02', 'cam_04', 'cam_05']  sync persons=[1]
INFO __main__: 
-- Trial 1/1 --
INFO __main__:   true shifts: {'cam_01': 0, 'cam_02': 18, 'cam_04': -27, 'cam_05': -37}  end_cuts: {'cam_01': 24, 'cam_02': 44, 'cam_04': 33, 'cam_05': 35}
INFO __main__:   shift_hat:   {'cam_01': 0, 'cam_02': 18, 'cam_04': -27, 'cam_05': -38}  |err|={'cam_01': 0, 'cam_02': 0, 'cam_04': 0, 'cam_05': 1}
INFO preprocessing.run_vggt: Loading VGGT-Omega on cuda:0 from 'checkpoints/vggt_omega/vggt_omega_1b_512.pt' …
INFO preprocessing.run_vggt: Loading VGGT-Omega on cuda:1 from 'checkpoints/vggt_omega/vggt_omega_1b_512.pt' …
INFO preprocessing.run_vggt: Loading VGGT-Omega on cuda:3 from 'checkpoints/vggt_omega/vggt_omega_1b_512.pt' …
INFO preprocessing.run_vggt: Loading VGGT-Omega on cuda:2 from 'checkpoints/vggt_omega/vggt_omega_1b_512.pt' …
INFO dinov3: using base=100 for rope new
INFO dinov3: using min_period=None for rope new
INFO dinov3: using max_period=None for rope new
INFO dinov3: using normalize_coords=max for rope new
INFO dinov3: using shift_coords=None for rope new
INFO dinov3: using rescale_coords=None for rope new
INFO dinov3: using jitter_coords=None for rope new
INFO dinov3: using dtype=fp32 for rope new
INFO dinov3: using base=100 for rope new
INFO dinov3: using base=100 for rope new
INFO dinov3: using min_period=None for rope new
INFO dinov3: using base=100 for rope new
INFO dinov3: using min_period=None for rope new
INFO dinov3: using max_period=None for rope new
INFO dinov3: using max_period=None for rope new
INFO dinov3: using normalize_coords=max for rope new
INFO dinov3: using min_period=None for rope new
INFO dinov3: using normalize_coords=max for rope new
INFO dinov3: using shift_coords=None for rope new
INFO dinov3: using max_period=None for rope new
INFO dinov3: using shift_coords=None for rope new
INFO dinov3: using rescale_coords=None for rope new
INFO dinov3: using normalize_coords=max for rope new
INFO dinov3: using rescale_coords=None for rope new
INFO dinov3: using jitter_coords=None for rope new
INFO dinov3: using shift_coords=None for rope new
INFO dinov3: using jitter_coords=None for rope new
INFO dinov3: using dtype=fp32 for rope new
INFO dinov3: using rescale_coords=None for rope new
INFO dinov3: using dtype=fp32 for rope new
INFO dinov3: using jitter_coords=None for rope new
INFO dinov3: using dtype=fp32 for rope new
INFO dinov3: using mlp layer as FFN
INFO dinov3: using mlp layer as FFN
INFO dinov3: using mlp layer as FFN
INFO dinov3: using mlp layer as FFN
INFO preprocessing.run_vggt: VGGT-Omega ready.
INFO preprocessing.run_vggt: VGGT-Omega ready.
INFO preprocessing.run_vggt: VGGT-Omega ready.
INFO preprocessing.run_vggt: VGGT-Omega ready.
/users/tnanni/ghost/preprocessing/run_vggt.py:224: UserWarning: Found images with different shapes: {(448, 592), (432, 608)}; padding to a common size.
  sample = load_and_preprocess_images(present, image_resolution=self.resolution)
INFO preprocessing.run_vggt:   VGGT-Omega output resolution: 448×608
/users/tnanni/ghost/preprocessing/run_vggt.py:224: UserWarning: Found images with different shapes: {(448, 592), (432, 608)}; padding to a common size.
  sample = load_and_preprocess_images(present, image_resolution=self.resolution)
/users/tnanni/ghost/preprocessing/run_vggt.py:224: UserWarning: Found images with different shapes: {(448, 592), (432, 608)}; padding to a common size.
  sample = load_and_preprocess_images(present, image_resolution=self.resolution)
INFO preprocessing.run_vggt:   VGGT-Omega output resolution: 448×608
INFO preprocessing.run_vggt:   VGGT-Omega output resolution: 448×608
/users/tnanni/ghost/preprocessing/run_vggt.py:224: UserWarning: Found images with different shapes: {(448, 592), (432, 608)}; padding to a common size.
  sample = load_and_preprocess_images(present, image_resolution=self.resolution)
INFO preprocessing.run_vggt:   VGGT-Omega output resolution: 448×608
/users/tnanni/ghost/preprocessing/run_vggt.py:172: UserWarning: Found images with different shapes: {(448, 592), (432, 608)}; padding to a common size.
  images = load_and_preprocess_images(
/users/tnanni/ghost/preprocessing/run_vggt.py:172: UserWarning: Found images with different shapes: {(448, 592), (432, 608)}; padding to a common size.
  images = load_and_preprocess_images(
/users/tnanni/ghost/preprocessing/run_vggt.py:172: UserWarning: Found images with different shapes: {(448, 592), (432, 608)}; padding to a common size.
  images = load_and_preprocess_images(
/users/tnanni/ghost/preprocessing/run_vggt.py:172: UserWarning: Found images with different shapes: {(448, 592), (432, 608)}; padding to a common size.
  images = load_and_preprocess_images(
INFO preprocessing.run_vggt:   [cuda:0] 20/126 frames done.
INFO preprocessing.run_vggt:   [cuda:2] 20/126 frames done.
INFO preprocessing.run_vggt:   [cuda:3] 20/125 frames done.
INFO preprocessing.run_vggt:   [cuda:1] 20/126 frames done.
INFO preprocessing.run_vggt:   [cuda:0] 40/126 frames done.
INFO preprocessing.run_vggt:   [cuda:2] 40/126 frames done.
INFO preprocessing.run_vggt:   [cuda:1] 40/126 frames done.
INFO preprocessing.run_vggt:   [cuda:3] 40/125 frames done.
INFO preprocessing.run_vggt:   [cuda:0] 60/126 frames done.
INFO preprocessing.run_vggt:   [cuda:2] 60/126 frames done.
INFO preprocessing.run_vggt:   [cuda:1] 60/126 frames done.
INFO preprocessing.run_vggt:   [cuda:3] 60/125 frames done.
INFO preprocessing.run_vggt:   [cuda:2] 80/126 frames done.
INFO preprocessing.run_vggt:   [cuda:1] 80/126 frames done.
INFO preprocessing.run_vggt:   [cuda:3] 80/125 frames done.
INFO preprocessing.run_vggt:   [cuda:0] 80/126 frames done.
INFO preprocessing.run_vggt:   [cuda:2] 100/126 frames done.
INFO preprocessing.run_vggt:   [cuda:1] 100/126 frames done.
INFO preprocessing.run_vggt:   [cuda:3] 100/125 frames done.
INFO preprocessing.run_vggt:   [cuda:0] 100/126 frames done.
INFO preprocessing.run_vggt:   [cuda:2] 120/126 frames done.
INFO preprocessing.run_vggt:   [cuda:1] 120/126 frames done.
INFO preprocessing.run_vggt:   [cuda:3] 120/125 frames done.
INFO preprocessing.run_vggt:   [cuda:0] 120/126 frames done.
INFO preprocessing.run_vggt:   [cuda:2] 126/126 frames done.
INFO preprocessing.run_vggt:   [cuda:1] 126/126 frames done.
INFO preprocessing.run_vggt:   [cuda:3] 125/125 frames done.
INFO preprocessing.run_vggt:   [cuda:0] 126/126 frames done.
INFO preprocessing.run_vggt: [rank 3] chunk saved → /tmp/tmpgv7xrzuq/chunk_03.npz
INFO preprocessing.run_vggt: [rank 2] chunk saved → /tmp/tmpgv7xrzuq/chunk_02.npz
INFO preprocessing.run_vggt: [rank 0] chunk saved → /tmp/tmpgv7xrzuq/chunk_00.npz
INFO preprocessing.run_vggt: [rank 1] chunk saved → /tmp/tmpgv7xrzuq/chunk_01.npz
INFO preprocessing.run_vggt: Saved cameras → /iopsstor/scratch/cscs/tnanni/ghost_outputs/rich_test_sync/Gym_010_dips2/trial0/vggt_cameras_centered.npz  extrinsics shape=(503, 4, 3, 4)
INFO preprocessing.run_vggt: Depth stats → valid_frames=503/503  nonzero_pixels=548036608  raw depth: min=0.1543 max=7.0273 mean=0.9048
INFO preprocessing.run_vggt: Saved depth   → /iopsstor/scratch/cscs/tnanni/ghost_outputs/rich_test_sync/Gym_010_dips2/trial0/vggt_depth_centered.npz  depth shape=(503, 4, 448, 608) dtype=uint16
INFO preprocessing.run_mapanything: trial0: T=503  K=4  MA=448×602
INFO preprocessing.run_mapanything: trial0: scale mean=8.7732  std=0.2881  nan_filled=0  time=61.7s
INFO __main__:   Built /iopsstor/scratch/cscs/tnanni/ghost_outputs/rich_test_sync/Gym_010_dips2/trial0  (sync_mae=0.25 frames)
INFO __main__: 
============================================================
Scene: Gym_010_lunge1  cameras=['cam_01', 'cam_04', 'cam_05', 'cam_06']  sync persons=[1]
INFO __main__: 
-- Trial 1/1 --
INFO __main__:   true shifts: {'cam_01': 0, 'cam_04': 20, 'cam_05': 26, 'cam_06': 1}  end_cuts: {'cam_01': 5, 'cam_04': 38, 'cam_05': 20, 'cam_06': 23}
INFO __main__:   shift_hat:   {'cam_01': 0, 'cam_04': 20, 'cam_05': 26, 'cam_06': 1}  |err|={'cam_01': 0, 'cam_04': 0, 'cam_05': 0, 'cam_06': 0}
INFO preprocessing.run_vggt: Loading VGGT-Omega on cuda:0 from 'checkpoints/vggt_omega/vggt_omega_1b_512.pt' …
INFO preprocessing.run_vggt: Loading VGGT-Omega on cuda:2 from 'checkpoints/vggt_omega/vggt_omega_1b_512.pt' …
INFO preprocessing.run_vggt: Loading VGGT-Omega on cuda:3 from 'checkpoints/vggt_omega/vggt_omega_1b_512.pt' …
INFO preprocessing.run_vggt: Loading VGGT-Omega on cuda:1 from 'checkpoints/vggt_omega/vggt_omega_1b_512.pt' …
INFO dinov3: using base=100 for rope new
INFO dinov3: using min_period=None for rope new
INFO dinov3: using max_period=None for rope new
INFO dinov3: using normalize_coords=max for rope new
INFO dinov3: using shift_coords=None for rope new
INFO dinov3: using rescale_coords=None for rope new
INFO dinov3: using jitter_coords=None for rope new
INFO dinov3: using dtype=fp32 for rope new
INFO dinov3: using base=100 for rope new
INFO dinov3: using mlp layer as FFN
INFO dinov3: using min_period=None for rope new
INFO dinov3: using max_period=None for rope new
INFO dinov3: using normalize_coords=max for rope new
INFO dinov3: using shift_coords=None for rope new
INFO dinov3: using rescale_coords=None for rope new
INFO dinov3: using jitter_coords=None for rope new
INFO dinov3: using dtype=fp32 for rope new
INFO dinov3: using mlp layer as FFN
INFO dinov3: using base=100 for rope new
INFO dinov3: using min_period=None for rope new
INFO dinov3: using max_period=None for rope new
INFO dinov3: using normalize_coords=max for rope new
INFO dinov3: using shift_coords=None for rope new
INFO dinov3: using rescale_coords=None for rope new
INFO dinov3: using jitter_coords=None for rope new
INFO dinov3: using dtype=fp32 for rope new
INFO dinov3: using base=100 for rope new
INFO dinov3: using min_period=None for rope new
INFO dinov3: using max_period=None for rope new
INFO dinov3: using normalize_coords=max for rope new
INFO dinov3: using shift_coords=None for rope new
INFO dinov3: using rescale_coords=None for rope new
INFO dinov3: using jitter_coords=None for rope new
INFO dinov3: using dtype=fp32 for rope new
INFO dinov3: using mlp layer as FFN
INFO dinov3: using mlp layer as FFN
INFO preprocessing.run_vggt: VGGT-Omega ready.
INFO preprocessing.run_vggt: VGGT-Omega ready.
INFO preprocessing.run_vggt: VGGT-Omega ready.
INFO preprocessing.run_vggt: VGGT-Omega ready.
/users/tnanni/ghost/preprocessing/run_vggt.py:224: UserWarning: Found images with different shapes: {(448, 592), (432, 608)}; padding to a common size.
  sample = load_and_preprocess_images(present, image_resolution=self.resolution)
INFO preprocessing.run_vggt:   VGGT-Omega output resolution: 448×608
/users/tnanni/ghost/preprocessing/run_vggt.py:224: UserWarning: Found images with different shapes: {(448, 592), (432, 608)}; padding to a common size.
  sample = load_and_preprocess_images(present, image_resolution=self.resolution)
INFO preprocessing.run_vggt:   VGGT-Omega output resolution: 448×608
/users/tnanni/ghost/preprocessing/run_vggt.py:224: UserWarning: Found images with different shapes: {(448, 592), (432, 608)}; padding to a common size.
  sample = load_and_preprocess_images(present, image_resolution=self.resolution)
INFO preprocessing.run_vggt:   VGGT-Omega output resolution: 448×608
/users/tnanni/ghost/preprocessing/run_vggt.py:224: UserWarning: Found images with different shapes: {(448, 592), (432, 608)}; padding to a common size.
  sample = load_and_preprocess_images(present, image_resolution=self.resolution)
INFO preprocessing.run_vggt:   VGGT-Omega output resolution: 448×608
/users/tnanni/ghost/preprocessing/run_vggt.py:172: UserWarning: Found images with different shapes: {(448, 592), (432, 608)}; padding to a common size.
  images = load_and_preprocess_images(
/users/tnanni/ghost/preprocessing/run_vggt.py:172: UserWarning: Found images with different shapes: {(448, 592), (432, 608)}; padding to a common size.
  images = load_and_preprocess_images(
/users/tnanni/ghost/preprocessing/run_vggt.py:172: UserWarning: Found images with different shapes: {(448, 592), (432, 608)}; padding to a common size.
  images = load_and_preprocess_images(
/users/tnanni/ghost/preprocessing/run_vggt.py:172: UserWarning: Found images with different shapes: {(448, 592), (432, 608)}; padding to a common size.
  images = load_and_preprocess_images(
INFO preprocessing.run_vggt:   [cuda:1] 20/68 frames done.
INFO preprocessing.run_vggt:   [cuda:0] 20/68 frames done.
INFO preprocessing.run_vggt:   [cuda:3] 20/68 frames done.
INFO preprocessing.run_vggt:   [cuda:2] 20/68 frames done.
INFO preprocessing.run_vggt:   [cuda:1] 40/68 frames done.
INFO preprocessing.run_vggt:   [cuda:0] 40/68 frames done.
INFO preprocessing.run_vggt:   [cuda:3] 40/68 frames done.
INFO preprocessing.run_vggt:   [cuda:2] 40/68 frames done.
INFO preprocessing.run_vggt:   [cuda:1] 60/68 frames done.
INFO preprocessing.run_vggt:   [cuda:0] 60/68 frames done.
INFO preprocessing.run_vggt:   [cuda:2] 60/68 frames done.
INFO preprocessing.run_vggt:   [cuda:3] 60/68 frames done.
INFO preprocessing.run_vggt:   [cuda:1] 68/68 frames done.
INFO preprocessing.run_vggt:   [cuda:0] 68/68 frames done.
INFO preprocessing.run_vggt:   [cuda:3] 68/68 frames done.
INFO preprocessing.run_vggt:   [cuda:2] 68/68 frames done.
INFO preprocessing.run_vggt: [rank 1] chunk saved → /tmp/tmppt8vk8qv/chunk_01.npz
INFO preprocessing.run_vggt: [rank 0] chunk saved → /tmp/tmppt8vk8qv/chunk_00.npz
INFO preprocessing.run_vggt: [rank 3] chunk saved → /tmp/tmppt8vk8qv/chunk_03.npz
INFO preprocessing.run_vggt: [rank 2] chunk saved → /tmp/tmppt8vk8qv/chunk_02.npz
INFO preprocessing.run_vggt: Saved cameras → /iopsstor/scratch/cscs/tnanni/ghost_outputs/rich_test_sync/Gym_010_lunge1/trial0/vggt_cameras_centered.npz  extrinsics shape=(272, 4, 3, 4)
INFO preprocessing.run_vggt: Depth stats → valid_frames=272/272  nonzero_pixels=296353792  raw depth: min=0.2020 max=7.0430 mean=0.8561
INFO preprocessing.run_vggt: Saved depth   → /iopsstor/scratch/cscs/tnanni/ghost_outputs/rich_test_sync/Gym_010_lunge1/trial0/vggt_depth_centered.npz  depth shape=(272, 4, 448, 608) dtype=uint16
INFO preprocessing.run_mapanything: trial0: T=272  K=4  MA=448×602
INFO preprocessing.run_mapanything: trial0: scale mean=8.4605  std=0.1171  nan_filled=0  time=33.5s
INFO __main__:   Built /iopsstor/scratch/cscs/tnanni/ghost_outputs/rich_test_sync/Gym_010_lunge1/trial0  (sync_mae=0.00 frames)
INFO __main__: 
============================================================
Scene: Gym_010_lunge2  cameras=['cam_00', 'cam_02', 'cam_04', 'cam_05']  sync persons=[1]
INFO __main__: 
-- Trial 1/1 --
INFO __main__:   true shifts: {'cam_00': 0, 'cam_02': -12, 'cam_04': -29, 'cam_05': 39}  end_cuts: {'cam_00': 35, 'cam_02': 29, 'cam_04': 18, 'cam_05': 37}
INFO __main__:   shift_hat:   {'cam_00': 0, 'cam_02': -12, 'cam_04': -29, 'cam_05': 39}  |err|={'cam_00': 0, 'cam_02': 0, 'cam_04': 0, 'cam_05': 0}
INFO preprocessing.run_vggt: Loading VGGT-Omega on cuda:3 from 'checkpoints/vggt_omega/vggt_omega_1b_512.pt' …
INFO preprocessing.run_vggt: Loading VGGT-Omega on cuda:0 from 'checkpoints/vggt_omega/vggt_omega_1b_512.pt' …
INFO preprocessing.run_vggt: Loading VGGT-Omega on cuda:1 from 'checkpoints/vggt_omega/vggt_omega_1b_512.pt' …
INFO preprocessing.run_vggt: Loading VGGT-Omega on cuda:2 from 'checkpoints/vggt_omega/vggt_omega_1b_512.pt' …
INFO dinov3: using base=100 for rope new
INFO dinov3: using min_period=None for rope new
INFO dinov3: using max_period=None for rope new
INFO dinov3: using normalize_coords=max for rope new
INFO dinov3: using shift_coords=None for rope new
INFO dinov3: using rescale_coords=None for rope new
INFO dinov3: using jitter_coords=None for rope new
INFO dinov3: using dtype=fp32 for rope new
INFO dinov3: using base=100 for rope new
INFO dinov3: using base=100 for rope new
INFO dinov3: using min_period=None for rope new
INFO dinov3: using min_period=None for rope new
INFO dinov3: using max_period=None for rope new
INFO dinov3: using max_period=None for rope new
INFO dinov3: using normalize_coords=max for rope new
INFO dinov3: using normalize_coords=max for rope new
INFO dinov3: using shift_coords=None for rope new
INFO dinov3: using shift_coords=None for rope new
INFO dinov3: using rescale_coords=None for rope new
INFO dinov3: using rescale_coords=None for rope new
INFO dinov3: using jitter_coords=None for rope new
INFO dinov3: using jitter_coords=None for rope new
INFO dinov3: using dtype=fp32 for rope new
INFO dinov3: using dtype=fp32 for rope new
INFO dinov3: using base=100 for rope new
INFO dinov3: using min_period=None for rope new
INFO dinov3: using mlp layer as FFN
INFO dinov3: using max_period=None for rope new
INFO dinov3: using normalize_coords=max for rope new
INFO dinov3: using shift_coords=None for rope new
INFO dinov3: using rescale_coords=None for rope new
INFO dinov3: using jitter_coords=None for rope new
INFO dinov3: using dtype=fp32 for rope new
INFO dinov3: using mlp layer as FFN
INFO dinov3: using mlp layer as FFN
INFO dinov3: using mlp layer as FFN
INFO preprocessing.run_vggt: VGGT-Omega ready.
INFO preprocessing.run_vggt: VGGT-Omega ready.
INFO preprocessing.run_vggt: VGGT-Omega ready.
INFO preprocessing.run_vggt: VGGT-Omega ready.
/users/tnanni/ghost/preprocessing/run_vggt.py:224: UserWarning: Found images with different shapes: {(448, 592), (432, 608)}; padding to a common size.
  sample = load_and_preprocess_images(present, image_resolution=self.resolution)
INFO preprocessing.run_vggt:   VGGT-Omega output resolution: 448×608
/users/tnanni/ghost/preprocessing/run_vggt.py:224: UserWarning: Found images with different shapes: {(448, 592), (432, 608)}; padding to a common size.
  sample = load_and_preprocess_images(present, image_resolution=self.resolution)
INFO preprocessing.run_vggt:   VGGT-Omega output resolution: 448×608
/users/tnanni/ghost/preprocessing/run_vggt.py:224: UserWarning: Found images with different shapes: {(448, 592), (432, 608)}; padding to a common size.
  sample = load_and_preprocess_images(present, image_resolution=self.resolution)
INFO preprocessing.run_vggt:   VGGT-Omega output resolution: 448×608
/users/tnanni/ghost/preprocessing/run_vggt.py:224: UserWarning: Found images with different shapes: {(448, 592), (432, 608)}; padding to a common size.
  sample = load_and_preprocess_images(present, image_resolution=self.resolution)
INFO preprocessing.run_vggt:   VGGT-Omega output resolution: 448×608
/users/tnanni/ghost/preprocessing/run_vggt.py:172: UserWarning: Found images with different shapes: {(448, 592), (432, 608)}; padding to a common size.
  images = load_and_preprocess_images(
/users/tnanni/ghost/preprocessing/run_vggt.py:172: UserWarning: Found images with different shapes: {(448, 592), (432, 608)}; padding to a common size.
  images = load_and_preprocess_images(
/users/tnanni/ghost/preprocessing/run_vggt.py:172: UserWarning: Found images with different shapes: {(448, 592), (432, 608)}; padding to a common size.
  images = load_and_preprocess_images(
/users/tnanni/ghost/preprocessing/run_vggt.py:172: UserWarning: Found images with different shapes: {(448, 592), (432, 608)}; padding to a common size.
  images = load_and_preprocess_images(
INFO preprocessing.run_vggt:   [cuda:0] 20/52 frames done.
INFO preprocessing.run_vggt:   [cuda:2] 20/52 frames done.
INFO preprocessing.run_vggt:   [cuda:3] 20/51 frames done.
INFO preprocessing.run_vggt:   [cuda:1] 20/52 frames done.
INFO preprocessing.run_vggt:   [cuda:2] 40/52 frames done.
INFO preprocessing.run_vggt:   [cuda:0] 40/52 frames done.
INFO preprocessing.run_vggt:   [cuda:3] 40/51 frames done.
INFO preprocessing.run_vggt:   [cuda:1] 40/52 frames done.
INFO preprocessing.run_vggt:   [cuda:3] 51/51 frames done.
INFO preprocessing.run_vggt:   [cuda:2] 52/52 frames done.
INFO preprocessing.run_vggt:   [cuda:0] 52/52 frames done.
INFO preprocessing.run_vggt:   [cuda:1] 52/52 frames done.
INFO preprocessing.run_vggt: [rank 3] chunk saved → /tmp/tmpvzjz4_51/chunk_03.npz
INFO preprocessing.run_vggt: [rank 2] chunk saved → /tmp/tmpvzjz4_51/chunk_02.npz
INFO preprocessing.run_vggt: [rank 0] chunk saved → /tmp/tmpvzjz4_51/chunk_00.npz
INFO preprocessing.run_vggt: [rank 1] chunk saved → /tmp/tmpvzjz4_51/chunk_01.npz
INFO preprocessing.run_vggt: Saved cameras → /iopsstor/scratch/cscs/tnanni/ghost_outputs/rich_test_sync/Gym_010_lunge2/trial0/vggt_cameras_centered.npz  extrinsics shape=(207, 4, 3, 4)
INFO preprocessing.run_vggt: Depth stats → valid_frames=207/207  nonzero_pixels=225533952  raw depth: min=0.1510 max=7.8008 mean=0.8580
INFO preprocessing.run_vggt: Saved depth   → /iopsstor/scratch/cscs/tnanni/ghost_outputs/rich_test_sync/Gym_010_lunge2/trial0/vggt_depth_centered.npz  depth shape=(207, 4, 448, 608) dtype=uint16
INFO preprocessing.run_mapanything: trial0: T=207  K=4  MA=448×602
INFO preprocessing.run_mapanything: trial0: scale mean=9.7342  std=0.1808  nan_filled=0  time=25.3s
INFO __main__:   Built /iopsstor/scratch/cscs/tnanni/ghost_outputs/rich_test_sync/Gym_010_lunge2/trial0  (sync_mae=0.00 frames)
INFO __main__: 
============================================================
Scene: Gym_010_mountainclimber1  cameras=['cam_03', 'cam_04', 'cam_05', 'cam_06']  sync persons=[1]
INFO __main__: 
-- Trial 1/1 --
INFO __main__:   true shifts: {'cam_03': 0, 'cam_04': 4, 'cam_05': -5, 'cam_06': -5}  end_cuts: {'cam_03': 10, 'cam_04': 4, 'cam_05': 25, 'cam_06': 40}
INFO __main__:   shift_hat:   {'cam_03': 0, 'cam_04': 3, 'cam_05': -6, 'cam_06': -5}  |err|={'cam_03': 0, 'cam_04': 1, 'cam_05': 1, 'cam_06': 0}
INFO preprocessing.run_vggt: Loading VGGT-Omega on cuda:0 from 'checkpoints/vggt_omega/vggt_omega_1b_512.pt' …
INFO dinov3: using base=100 for rope new
INFO dinov3: using min_period=None for rope new
INFO dinov3: using max_period=None for rope new
INFO dinov3: using normalize_coords=max for rope new
INFO dinov3: using shift_coords=None for rope new
INFO dinov3: using rescale_coords=None for rope new
INFO dinov3: using jitter_coords=None for rope new
INFO dinov3: using dtype=fp32 for rope new
INFO dinov3: using mlp layer as FFN
INFO preprocessing.run_vggt: Loading VGGT-Omega on cuda:1 from 'checkpoints/vggt_omega/vggt_omega_1b_512.pt' …
INFO dinov3: using base=100 for rope new
INFO dinov3: using min_period=None for rope new
INFO dinov3: using max_period=None for rope new
INFO dinov3: using normalize_coords=max for rope new
INFO dinov3: using shift_coords=None for rope new
INFO dinov3: using rescale_coords=None for rope new
INFO dinov3: using jitter_coords=None for rope new
INFO dinov3: using dtype=fp32 for rope new
INFO dinov3: using mlp layer as FFN
INFO preprocessing.run_vggt: Loading VGGT-Omega on cuda:3 from 'checkpoints/vggt_omega/vggt_omega_1b_512.pt' …
INFO preprocessing.run_vggt: Loading VGGT-Omega on cuda:2 from 'checkpoints/vggt_omega/vggt_omega_1b_512.pt' …
INFO dinov3: using base=100 for rope new
INFO dinov3: using min_period=None for rope new
INFO dinov3: using max_period=None for rope new
INFO dinov3: using normalize_coords=max for rope new
INFO dinov3: using shift_coords=None for rope new
INFO dinov3: using rescale_coords=None for rope new
INFO dinov3: using jitter_coords=None for rope new
INFO dinov3: using dtype=fp32 for rope new
INFO dinov3: using mlp layer as FFN
INFO dinov3: using base=100 for rope new
INFO dinov3: using min_period=None for rope new
INFO dinov3: using max_period=None for rope new
INFO dinov3: using normalize_coords=max for rope new
INFO dinov3: using shift_coords=None for rope new
INFO dinov3: using rescale_coords=None for rope new
INFO dinov3: using jitter_coords=None for rope new
INFO dinov3: using dtype=fp32 for rope new
INFO dinov3: using mlp layer as FFN
INFO preprocessing.run_vggt: VGGT-Omega ready.
INFO preprocessing.run_vggt: VGGT-Omega ready.
INFO preprocessing.run_vggt: VGGT-Omega ready.
INFO preprocessing.run_vggt: VGGT-Omega ready.
/users/tnanni/ghost/preprocessing/run_vggt.py:224: UserWarning: Found images with different shapes: {(432, 592), (448, 592), (432, 608)}; padding to a common size.
  sample = load_and_preprocess_images(present, image_resolution=self.resolution)
INFO preprocessing.run_vggt:   VGGT-Omega output resolution: 448×608
/users/tnanni/ghost/preprocessing/run_vggt.py:224: UserWarning: Found images with different shapes: {(432, 592), (448, 592), (432, 608)}; padding to a common size.
  sample = load_and_preprocess_images(present, image_resolution=self.resolution)
INFO preprocessing.run_vggt:   VGGT-Omega output resolution: 448×608
/users/tnanni/ghost/preprocessing/run_vggt.py:224: UserWarning: Found images with different shapes: {(432, 592), (448, 592), (432, 608)}; padding to a common size.
  sample = load_and_preprocess_images(present, image_resolution=self.resolution)
/users/tnanni/ghost/preprocessing/run_vggt.py:224: UserWarning: Found images with different shapes: {(432, 592), (448, 592), (432, 608)}; padding to a common size.
  sample = load_and_preprocess_images(present, image_resolution=self.resolution)
INFO preprocessing.run_vggt:   VGGT-Omega output resolution: 448×608
INFO preprocessing.run_vggt:   VGGT-Omega output resolution: 448×608
/users/tnanni/ghost/preprocessing/run_vggt.py:172: UserWarning: Found images with different shapes: {(432, 592), (448, 592), (432, 608)}; padding to a common size.
  images = load_and_preprocess_images(
/users/tnanni/ghost/preprocessing/run_vggt.py:172: UserWarning: Found images with different shapes: {(432, 592), (448, 592), (432, 608)}; padding to a common size.
  images = load_and_preprocess_images(
/users/tnanni/ghost/preprocessing/run_vggt.py:172: UserWarning: Found images with different shapes: {(432, 592), (448, 592), (432, 608)}; padding to a common size.
  images = load_and_preprocess_images(
/users/tnanni/ghost/preprocessing/run_vggt.py:172: UserWarning: Found images with different shapes: {(432, 592), (448, 592), (432, 608)}; padding to a common size.
  images = load_and_preprocess_images(
INFO preprocessing.run_vggt:   [cuda:0] 20/113 frames done.
INFO preprocessing.run_vggt:   [cuda:1] 20/113 frames done.
INFO preprocessing.run_vggt:   [cuda:2] 20/112 frames done.
INFO preprocessing.run_vggt:   [cuda:3] 20/112 frames done.
INFO preprocessing.run_vggt:   [cuda:0] 40/113 frames done.
INFO preprocessing.run_vggt:   [cuda:1] 40/113 frames done.
INFO preprocessing.run_vggt:   [cuda:2] 40/112 frames done.
INFO preprocessing.run_vggt:   [cuda:3] 40/112 frames done.
INFO preprocessing.run_vggt:   [cuda:0] 60/113 frames done.
INFO preprocessing.run_vggt:   [cuda:1] 60/113 frames done.
INFO preprocessing.run_vggt:   [cuda:2] 60/112 frames done.
INFO preprocessing.run_vggt:   [cuda:3] 60/112 frames done.
INFO preprocessing.run_vggt:   [cuda:0] 80/113 frames done.
INFO preprocessing.run_vggt:   [cuda:1] 80/113 frames done.
INFO preprocessing.run_vggt:   [cuda:3] 80/112 frames done.
INFO preprocessing.run_vggt:   [cuda:2] 80/112 frames done.
INFO preprocessing.run_vggt:   [cuda:0] 100/113 frames done.
INFO preprocessing.run_vggt:   [cuda:1] 100/113 frames done.
INFO preprocessing.run_vggt:   [cuda:2] 100/112 frames done.
INFO preprocessing.run_vggt:   [cuda:3] 100/112 frames done.
INFO preprocessing.run_vggt:   [cuda:0] 113/113 frames done.
INFO preprocessing.run_vggt:   [cuda:1] 113/113 frames done.
INFO preprocessing.run_vggt:   [cuda:2] 112/112 frames done.
INFO preprocessing.run_vggt:   [cuda:3] 112/112 frames done.
INFO preprocessing.run_vggt: [rank 0] chunk saved → /tmp/tmp4y3nmgje/chunk_00.npz
INFO preprocessing.run_vggt: [rank 3] chunk saved → /tmp/tmp4y3nmgje/chunk_03.npz
INFO preprocessing.run_vggt: [rank 2] chunk saved → /tmp/tmp4y3nmgje/chunk_02.npz
INFO preprocessing.run_vggt: [rank 1] chunk saved → /tmp/tmp4y3nmgje/chunk_01.npz
INFO preprocessing.run_vggt: Saved cameras → /iopsstor/scratch/cscs/tnanni/ghost_outputs/rich_test_sync/Gym_010_mountainclimber1/trial0/vggt_cameras_centered.npz  extrinsics shape=(450, 4, 3, 4)
INFO preprocessing.run_vggt: Depth stats → valid_frames=450/450  nonzero_pixels=490291200  raw depth: min=0.2488 max=3.7031 mean=0.9500
INFO preprocessing.run_vggt: Saved depth   → /iopsstor/scratch/cscs/tnanni/ghost_outputs/rich_test_sync/Gym_010_mountainclimber1/trial0/vggt_depth_centered.npz  depth shape=(450, 4, 448, 608) dtype=uint16
INFO preprocessing.run_mapanything: trial0: T=450  K=4  MA=448×602
INFO preprocessing.run_mapanything: trial0: scale mean=6.7726  std=0.2622  nan_filled=0  time=55.0s
INFO __main__:   Built /iopsstor/scratch/cscs/tnanni/ghost_outputs/rich_test_sync/Gym_010_mountainclimber1/trial0  (sync_mae=0.50 frames)
INFO __main__: 
============================================================
Scene: Gym_010_mountainclimber2  cameras=['cam_03', 'cam_04', 'cam_05', 'cam_06']  sync persons=[1]
INFO __main__: 
-- Trial 1/1 --
INFO __main__:   true shifts: {'cam_03': 0, 'cam_04': -40, 'cam_05': 33, 'cam_06': 30}  end_cuts: {'cam_03': 12, 'cam_04': 29, 'cam_05': 7, 'cam_06': 34}
INFO __main__:   shift_hat:   {'cam_03': 0, 'cam_04': -40, 'cam_05': 33, 'cam_06': 30}  |err|={'cam_03': 0, 'cam_04': 0, 'cam_05': 0, 'cam_06': 0}
INFO preprocessing.run_vggt: Loading VGGT-Omega on cuda:3 from 'checkpoints/vggt_omega/vggt_omega_1b_512.pt' …
INFO dinov3: using base=100 for rope new
INFO dinov3: using min_period=None for rope new
INFO dinov3: using max_period=None for rope new
INFO dinov3: using normalize_coords=max for rope new
INFO dinov3: using shift_coords=None for rope new
INFO dinov3: using rescale_coords=None for rope new
INFO dinov3: using jitter_coords=None for rope new
INFO dinov3: using dtype=fp32 for rope new
INFO dinov3: using mlp layer as FFN
INFO preprocessing.run_vggt: Loading VGGT-Omega on cuda:2 from 'checkpoints/vggt_omega/vggt_omega_1b_512.pt' …
INFO dinov3: using base=100 for rope new
INFO dinov3: using min_period=None for rope new
INFO dinov3: using max_period=None for rope new
INFO dinov3: using normalize_coords=max for rope new
INFO dinov3: using shift_coords=None for rope new
INFO dinov3: using rescale_coords=None for rope new
INFO dinov3: using jitter_coords=None for rope new
INFO dinov3: using dtype=fp32 for rope new
INFO dinov3: using mlp layer as FFN
INFO preprocessing.run_vggt: Loading VGGT-Omega on cuda:0 from 'checkpoints/vggt_omega/vggt_omega_1b_512.pt' …
INFO dinov3: using base=100 for rope new
INFO dinov3: using min_period=None for rope new
INFO dinov3: using max_period=None for rope new
INFO dinov3: using normalize_coords=max for rope new
INFO dinov3: using shift_coords=None for rope new
INFO dinov3: using rescale_coords=None for rope new
INFO dinov3: using jitter_coords=None for rope new
INFO dinov3: using dtype=fp32 for rope new
INFO dinov3: using mlp layer as FFN
INFO preprocessing.run_vggt: Loading VGGT-Omega on cuda:1 from 'checkpoints/vggt_omega/vggt_omega_1b_512.pt' …
INFO dinov3: using base=100 for rope new
INFO dinov3: using min_period=None for rope new
INFO dinov3: using max_period=None for rope new
INFO dinov3: using normalize_coords=max for rope new
INFO dinov3: using shift_coords=None for rope new
INFO dinov3: using rescale_coords=None for rope new
INFO dinov3: using jitter_coords=None for rope new
INFO dinov3: using dtype=fp32 for rope new
INFO dinov3: using mlp layer as FFN
INFO preprocessing.run_vggt: VGGT-Omega ready.
INFO preprocessing.run_vggt: VGGT-Omega ready.
INFO preprocessing.run_vggt: VGGT-Omega ready.
INFO preprocessing.run_vggt: VGGT-Omega ready.
/users/tnanni/ghost/preprocessing/run_vggt.py:224: UserWarning: Found images with different shapes: {(432, 592), (448, 592), (432, 608)}; padding to a common size.
  sample = load_and_preprocess_images(present, image_resolution=self.resolution)
INFO preprocessing.run_vggt:   VGGT-Omega output resolution: 448×608
/users/tnanni/ghost/preprocessing/run_vggt.py:224: UserWarning: Found images with different shapes: {(432, 592), (448, 592), (432, 608)}; padding to a common size.
  sample = load_and_preprocess_images(present, image_resolution=self.resolution)
INFO preprocessing.run_vggt:   VGGT-Omega output resolution: 448×608
/users/tnanni/ghost/preprocessing/run_vggt.py:224: UserWarning: Found images with different shapes: {(432, 592), (448, 592), (432, 608)}; padding to a common size.
  sample = load_and_preprocess_images(present, image_resolution=self.resolution)
/users/tnanni/ghost/preprocessing/run_vggt.py:224: UserWarning: Found images with different shapes: {(432, 592), (448, 592), (432, 608)}; padding to a common size.
  sample = load_and_preprocess_images(present, image_resolution=self.resolution)
INFO preprocessing.run_vggt:   VGGT-Omega output resolution: 448×608
INFO preprocessing.run_vggt:   VGGT-Omega output resolution: 448×608
/users/tnanni/ghost/preprocessing/run_vggt.py:172: UserWarning: Found images with different shapes: {(432, 592), (448, 592), (432, 608)}; padding to a common size.
  images = load_and_preprocess_images(
/users/tnanni/ghost/preprocessing/run_vggt.py:172: UserWarning: Found images with different shapes: {(432, 592), (448, 592), (432, 608)}; padding to a common size.
  images = load_and_preprocess_images(
/users/tnanni/ghost/preprocessing/run_vggt.py:172: UserWarning: Found images with different shapes: {(432, 592), (448, 592), (432, 608)}; padding to a common size.
  images = load_and_preprocess_images(
/users/tnanni/ghost/preprocessing/run_vggt.py:172: UserWarning: Found images with different shapes: {(432, 592), (448, 592), (432, 608)}; padding to a common size.
  images = load_and_preprocess_images(
INFO preprocessing.run_vggt:   [cuda:0] 20/91 frames done.
INFO preprocessing.run_vggt:   [cuda:1] 20/91 frames done.
INFO preprocessing.run_vggt:   [cuda:3] 20/91 frames done.
INFO preprocessing.run_vggt:   [cuda:2] 20/91 frames done.
INFO preprocessing.run_vggt:   [cuda:0] 40/91 frames done.
INFO preprocessing.run_vggt:   [cuda:3] 40/91 frames done.
INFO preprocessing.run_vggt:   [cuda:1] 40/91 frames done.
INFO preprocessing.run_vggt:   [cuda:2] 40/91 frames done.
INFO preprocessing.run_vggt:   [cuda:0] 60/91 frames done.
INFO preprocessing.run_vggt:   [cuda:3] 60/91 frames done.
INFO preprocessing.run_vggt:   [cuda:1] 60/91 frames done.
INFO preprocessing.run_vggt:   [cuda:2] 60/91 frames done.
INFO preprocessing.run_vggt:   [cuda:0] 80/91 frames done.
INFO preprocessing.run_vggt:   [cuda:3] 80/91 frames done.
INFO preprocessing.run_vggt:   [cuda:1] 80/91 frames done.
INFO preprocessing.run_vggt:   [cuda:2] 80/91 frames done.
INFO preprocessing.run_vggt:   [cuda:0] 91/91 frames done.
INFO preprocessing.run_vggt:   [cuda:3] 91/91 frames done.
INFO preprocessing.run_vggt:   [cuda:1] 91/91 frames done.
INFO preprocessing.run_vggt:   [cuda:2] 91/91 frames done.
INFO preprocessing.run_vggt: [rank 0] chunk saved → /tmp/tmpq6yd4tnq/chunk_00.npz
INFO preprocessing.run_vggt: [rank 3] chunk saved → /tmp/tmpq6yd4tnq/chunk_03.npz
INFO preprocessing.run_vggt: [rank 1] chunk saved → /tmp/tmpq6yd4tnq/chunk_01.npz
INFO preprocessing.run_vggt: [rank 2] chunk saved → /tmp/tmpq6yd4tnq/chunk_02.npz
INFO preprocessing.run_vggt: Saved cameras → /iopsstor/scratch/cscs/tnanni/ghost_outputs/rich_test_sync/Gym_010_mountainclimber2/trial0/vggt_cameras_centered.npz  extrinsics shape=(364, 4, 3, 4)
INFO preprocessing.run_vggt: Depth stats → valid_frames=364/364  nonzero_pixels=396591104  raw depth: min=0.2734 max=3.7305 mean=0.9563
INFO preprocessing.run_vggt: Saved depth   → /iopsstor/scratch/cscs/tnanni/ghost_outputs/rich_test_sync/Gym_010_mountainclimber2/trial0/vggt_depth_centered.npz  depth shape=(364, 4, 448, 608) dtype=uint16
INFO preprocessing.run_mapanything: trial0: T=364  K=4  MA=448×602
INFO preprocessing.run_mapanything: trial0: scale mean=6.6408  std=0.2030  nan_filled=0  time=44.4s
INFO __main__:   Built /iopsstor/scratch/cscs/tnanni/ghost_outputs/rich_test_sync/Gym_010_mountainclimber2/trial0  (sync_mae=0.00 frames)
INFO __main__: 
============================================================
Scene: Gym_010_pushup1  cameras=['cam_03', 'cam_04', 'cam_05', 'cam_06']  sync persons=[1]
INFO __main__: 
-- Trial 1/1 --
INFO __main__:   true shifts: {'cam_03': 0, 'cam_04': 18, 'cam_05': -13, 'cam_06': -39}  end_cuts: {'cam_03': 44, 'cam_04': 20, 'cam_05': 41, 'cam_06': 31}
INFO __main__:   shift_hat:   {'cam_03': 0, 'cam_04': 19, 'cam_05': -13, 'cam_06': -39}  |err|={'cam_03': 0, 'cam_04': 1, 'cam_05': 0, 'cam_06': 0}
INFO preprocessing.run_vggt: Loading VGGT-Omega on cuda:2 from 'checkpoints/vggt_omega/vggt_omega_1b_512.pt' …
INFO dinov3: using base=100 for rope new
INFO dinov3: using min_period=None for rope new
INFO dinov3: using max_period=None for rope new
INFO dinov3: using normalize_coords=max for rope new
INFO dinov3: using shift_coords=None for rope new
INFO dinov3: using rescale_coords=None for rope new
INFO dinov3: using jitter_coords=None for rope new
INFO dinov3: using dtype=fp32 for rope new
INFO dinov3: using mlp layer as FFN
INFO preprocessing.run_vggt: Loading VGGT-Omega on cuda:0 from 'checkpoints/vggt_omega/vggt_omega_1b_512.pt' …
INFO dinov3: using base=100 for rope new
INFO dinov3: using min_period=None for rope new
INFO dinov3: using max_period=None for rope new
INFO dinov3: using normalize_coords=max for rope new
INFO dinov3: using shift_coords=None for rope new
INFO dinov3: using rescale_coords=None for rope new
INFO dinov3: using jitter_coords=None for rope new
INFO dinov3: using dtype=fp32 for rope new
INFO dinov3: using mlp layer as FFN
INFO preprocessing.run_vggt: Loading VGGT-Omega on cuda:3 from 'checkpoints/vggt_omega/vggt_omega_1b_512.pt' …
INFO dinov3: using base=100 for rope new
INFO dinov3: using min_period=None for rope new
INFO dinov3: using max_period=None for rope new
INFO dinov3: using normalize_coords=max for rope new
INFO dinov3: using shift_coords=None for rope new
INFO dinov3: using rescale_coords=None for rope new
INFO dinov3: using jitter_coords=None for rope new
INFO dinov3: using dtype=fp32 for rope new
INFO dinov3: using mlp layer as FFN
INFO preprocessing.run_vggt: Loading VGGT-Omega on cuda:1 from 'checkpoints/vggt_omega/vggt_omega_1b_512.pt' …
INFO dinov3: using base=100 for rope new
INFO dinov3: using min_period=None for rope new
INFO dinov3: using max_period=None for rope new
INFO dinov3: using normalize_coords=max for rope new
INFO dinov3: using shift_coords=None for rope new
INFO dinov3: using rescale_coords=None for rope new
INFO dinov3: using jitter_coords=None for rope new
INFO dinov3: using dtype=fp32 for rope new
INFO dinov3: using mlp layer as FFN
INFO preprocessing.run_vggt: VGGT-Omega ready.
INFO preprocessing.run_vggt: VGGT-Omega ready.
INFO preprocessing.run_vggt: VGGT-Omega ready.
INFO preprocessing.run_vggt: VGGT-Omega ready.
/users/tnanni/ghost/preprocessing/run_vggt.py:224: UserWarning: Found images with different shapes: {(432, 592), (448, 592), (432, 608)}; padding to a common size.
  sample = load_and_preprocess_images(present, image_resolution=self.resolution)
INFO preprocessing.run_vggt:   VGGT-Omega output resolution: 448×608
/users/tnanni/ghost/preprocessing/run_vggt.py:224: UserWarning: Found images with different shapes: {(432, 592), (448, 592), (432, 608)}; padding to a common size.
  sample = load_and_preprocess_images(present, image_resolution=self.resolution)
INFO preprocessing.run_vggt:   VGGT-Omega output resolution: 448×608
/users/tnanni/ghost/preprocessing/run_vggt.py:224: UserWarning: Found images with different shapes: {(432, 592), (448, 592), (432, 608)}; padding to a common size.
  sample = load_and_preprocess_images(present, image_resolution=self.resolution)
/users/tnanni/ghost/preprocessing/run_vggt.py:224: UserWarning: Found images with different shapes: {(432, 592), (448, 592), (432, 608)}; padding to a common size.
  sample = load_and_preprocess_images(present, image_resolution=self.resolution)
INFO preprocessing.run_vggt:   VGGT-Omega output resolution: 448×608
INFO preprocessing.run_vggt:   VGGT-Omega output resolution: 448×608
/users/tnanni/ghost/preprocessing/run_vggt.py:172: UserWarning: Found images with different shapes: {(432, 592), (448, 592), (432, 608)}; padding to a common size.
  images = load_and_preprocess_images(
/users/tnanni/ghost/preprocessing/run_vggt.py:172: UserWarning: Found images with different shapes: {(432, 592), (448, 592), (432, 608)}; padding to a common size.
  images = load_and_preprocess_images(
/users/tnanni/ghost/preprocessing/run_vggt.py:172: UserWarning: Found images with different shapes: {(432, 592), (448, 592), (432, 608)}; padding to a common size.
  images = load_and_preprocess_images(
/users/tnanni/ghost/preprocessing/run_vggt.py:172: UserWarning: Found images with different shapes: {(432, 592), (448, 592), (432, 608)}; padding to a common size.
  images = load_and_preprocess_images(
INFO preprocessing.run_vggt:   [cuda:0] 20/94 frames done.
INFO preprocessing.run_vggt:   [cuda:2] 20/93 frames done.
INFO preprocessing.run_vggt:   [cuda:1] 20/93 frames done.
INFO preprocessing.run_vggt:   [cuda:3] 20/93 frames done.
INFO preprocessing.run_vggt:   [cuda:1] 40/93 frames done.
INFO preprocessing.run_vggt:   [cuda:2] 40/93 frames done.
INFO preprocessing.run_vggt:   [cuda:0] 40/94 frames done.
INFO preprocessing.run_vggt:   [cuda:3] 40/93 frames done.
INFO preprocessing.run_vggt:   [cuda:2] 60/93 frames done.
INFO preprocessing.run_vggt:   [cuda:0] 60/94 frames done.
INFO preprocessing.run_vggt:   [cuda:1] 60/93 frames done.
INFO preprocessing.run_vggt:   [cuda:3] 60/93 frames done.
INFO preprocessing.run_vggt:   [cuda:1] 80/93 frames done.
INFO preprocessing.run_vggt:   [cuda:0] 80/94 frames done.
INFO preprocessing.run_vggt:   [cuda:2] 80/93 frames done.
INFO preprocessing.run_vggt:   [cuda:3] 80/93 frames done.
INFO preprocessing.run_vggt:   [cuda:2] 93/93 frames done.
INFO preprocessing.run_vggt:   [cuda:1] 93/93 frames done.
INFO preprocessing.run_vggt:   [cuda:0] 94/94 frames done.
INFO preprocessing.run_vggt:   [cuda:3] 93/93 frames done.
INFO preprocessing.run_vggt: [rank 3] chunk saved → /tmp/tmp4xfnf6an/chunk_03.npz
INFO preprocessing.run_vggt: [rank 1] chunk saved → /tmp/tmp4xfnf6an/chunk_01.npz
INFO preprocessing.run_vggt: [rank 2] chunk saved → /tmp/tmp4xfnf6an/chunk_02.npz
INFO preprocessing.run_vggt: [rank 0] chunk saved → /tmp/tmp4xfnf6an/chunk_00.npz
INFO preprocessing.run_vggt: Saved cameras → /iopsstor/scratch/cscs/tnanni/ghost_outputs/rich_test_sync/Gym_010_pushup1/trial0/vggt_cameras_centered.npz  extrinsics shape=(373, 4, 3, 4)
INFO preprocessing.run_vggt: Depth stats → valid_frames=373/373  nonzero_pixels=406396928  raw depth: min=0.2561 max=3.7441 mean=0.9433
INFO preprocessing.run_vggt: Saved depth   → /iopsstor/scratch/cscs/tnanni/ghost_outputs/rich_test_sync/Gym_010_pushup1/trial0/vggt_depth_centered.npz  depth shape=(373, 4, 448, 608) dtype=uint16
INFO preprocessing.run_mapanything: trial0: T=373  K=4  MA=448×602
INFO preprocessing.run_mapanything: trial0: scale mean=6.9210  std=0.1866  nan_filled=0  time=45.9s
INFO __main__:   Built /iopsstor/scratch/cscs/tnanni/ghost_outputs/rich_test_sync/Gym_010_pushup1/trial0  (sync_mae=0.25 frames)
INFO __main__: 
============================================================
Scene: Gym_010_pushup2  cameras=['cam_02', 'cam_03', 'cam_04', 'cam_05']  sync persons=[1]
INFO __main__: 
-- Trial 1/1 --
INFO __main__:   true shifts: {'cam_02': 0, 'cam_03': 25, 'cam_04': 24, 'cam_05': -28}  end_cuts: {'cam_02': 16, 'cam_03': 21, 'cam_04': 22, 'cam_05': 2}
INFO __main__:   shift_hat:   {'cam_02': 0, 'cam_03': 26, 'cam_04': 25, 'cam_05': -28}  |err|={'cam_02': 0, 'cam_03': 1, 'cam_04': 1, 'cam_05': 0}
INFO preprocessing.run_vggt: Loading VGGT-Omega on cuda:2 from 'checkpoints/vggt_omega/vggt_omega_1b_512.pt' …
INFO preprocessing.run_vggt: Loading VGGT-Omega on cuda:3 from 'checkpoints/vggt_omega/vggt_omega_1b_512.pt' …
INFO preprocessing.run_vggt: Loading VGGT-Omega on cuda:1 from 'checkpoints/vggt_omega/vggt_omega_1b_512.pt' …
INFO preprocessing.run_vggt: Loading VGGT-Omega on cuda:0 from 'checkpoints/vggt_omega/vggt_omega_1b_512.pt' …
INFO dinov3: using base=100 for rope new
INFO dinov3: using min_period=None for rope new
INFO dinov3: using max_period=None for rope new
INFO dinov3: using normalize_coords=max for rope new
INFO dinov3: using shift_coords=None for rope new
INFO dinov3: using rescale_coords=None for rope new
INFO dinov3: using jitter_coords=None for rope new
INFO dinov3: using dtype=fp32 for rope new
INFO dinov3: using base=100 for rope new
INFO dinov3: using min_period=None for rope new
INFO dinov3: using base=100 for rope new
INFO dinov3: using max_period=None for rope new
INFO dinov3: using normalize_coords=max for rope new
INFO dinov3: using min_period=None for rope new
INFO dinov3: using shift_coords=None for rope new
INFO dinov3: using base=100 for rope new
INFO dinov3: using max_period=None for rope new
INFO dinov3: using rescale_coords=None for rope new
INFO dinov3: using normalize_coords=max for rope new
INFO dinov3: using min_period=None for rope new
INFO dinov3: using jitter_coords=None for rope new
INFO dinov3: using shift_coords=None for rope new
INFO dinov3: using max_period=None for rope new
INFO dinov3: using dtype=fp32 for rope new
INFO dinov3: using rescale_coords=None for rope new
INFO dinov3: using normalize_coords=max for rope new
INFO dinov3: using jitter_coords=None for rope new
INFO dinov3: using shift_coords=None for rope new
INFO dinov3: using dtype=fp32 for rope new
INFO dinov3: using rescale_coords=None for rope new
INFO dinov3: using jitter_coords=None for rope new
INFO dinov3: using dtype=fp32 for rope new
INFO dinov3: using mlp layer as FFN
INFO dinov3: using mlp layer as FFN
INFO dinov3: using mlp layer as FFN
INFO dinov3: using mlp layer as FFN
INFO preprocessing.run_vggt: VGGT-Omega ready.
INFO preprocessing.run_vggt: VGGT-Omega ready.
INFO preprocessing.run_vggt: VGGT-Omega ready.
INFO preprocessing.run_vggt: VGGT-Omega ready.
/users/tnanni/ghost/preprocessing/run_vggt.py:224: UserWarning: Found images with different shapes: {(448, 592), (432, 592), (432, 608)}; padding to a common size.
  sample = load_and_preprocess_images(present, image_resolution=self.resolution)
INFO preprocessing.run_vggt:   VGGT-Omega output resolution: 448×608
/users/tnanni/ghost/preprocessing/run_vggt.py:224: UserWarning: Found images with different shapes: {(448, 592), (432, 592), (432, 608)}; padding to a common size.
  sample = load_and_preprocess_images(present, image_resolution=self.resolution)
INFO preprocessing.run_vggt:   VGGT-Omega output resolution: 448×608
/users/tnanni/ghost/preprocessing/run_vggt.py:224: UserWarning: Found images with different shapes: {(448, 592), (432, 592), (432, 608)}; padding to a common size.
  sample = load_and_preprocess_images(present, image_resolution=self.resolution)
/users/tnanni/ghost/preprocessing/run_vggt.py:224: UserWarning: Found images with different shapes: {(448, 592), (432, 592), (432, 608)}; padding to a common size.
  sample = load_and_preprocess_images(present, image_resolution=self.resolution)
INFO preprocessing.run_vggt:   VGGT-Omega output resolution: 448×608
INFO preprocessing.run_vggt:   VGGT-Omega output resolution: 448×608
/users/tnanni/ghost/preprocessing/run_vggt.py:172: UserWarning: Found images with different shapes: {(448, 592), (432, 592), (432, 608)}; padding to a common size.
  images = load_and_preprocess_images(
/users/tnanni/ghost/preprocessing/run_vggt.py:172: UserWarning: Found images with different shapes: {(448, 592), (432, 592), (432, 608)}; padding to a common size.
  images = load_and_preprocess_images(
/users/tnanni/ghost/preprocessing/run_vggt.py:172: UserWarning: Found images with different shapes: {(448, 592), (432, 592), (432, 608)}; padding to a common size.
  images = load_and_preprocess_images(
/users/tnanni/ghost/preprocessing/run_vggt.py:172: UserWarning: Found images with different shapes: {(448, 592), (432, 592), (432, 608)}; padding to a common size.
  images = load_and_preprocess_images(
INFO preprocessing.run_vggt:   [cuda:0] 20/83 frames done.
INFO preprocessing.run_vggt:   [cuda:2] 20/83 frames done.
INFO preprocessing.run_vggt:   [cuda:1] 20/83 frames done.
INFO preprocessing.run_vggt:   [cuda:3] 20/82 frames done.
INFO preprocessing.run_vggt:   [cuda:0] 40/83 frames done.
INFO preprocessing.run_vggt:   [cuda:2] 40/83 frames done.
INFO preprocessing.run_vggt:   [cuda:1] 40/83 frames done.
INFO preprocessing.run_vggt:   [cuda:3] 40/82 frames done.
INFO preprocessing.run_vggt:   [cuda:0] 60/83 frames done.
INFO preprocessing.run_vggt:   [cuda:2] 60/83 frames done.
INFO preprocessing.run_vggt:   [cuda:1] 60/83 frames done.
INFO preprocessing.run_vggt:   [cuda:3] 60/82 frames done.
INFO preprocessing.run_vggt:   [cuda:0] 80/83 frames done.
INFO preprocessing.run_vggt:   [cuda:2] 80/83 frames done.
INFO preprocessing.run_vggt:   [cuda:1] 80/83 frames done.
INFO preprocessing.run_vggt:   [cuda:0] 83/83 frames done.
INFO preprocessing.run_vggt:   [cuda:3] 80/82 frames done.
INFO preprocessing.run_vggt:   [cuda:2] 83/83 frames done.
INFO preprocessing.run_vggt:   [cuda:3] 82/82 frames done.
INFO preprocessing.run_vggt:   [cuda:1] 83/83 frames done.
INFO preprocessing.run_vggt: [rank 0] chunk saved → /tmp/tmpny2ydpsw/chunk_00.npz
INFO preprocessing.run_vggt: [rank 3] chunk saved → /tmp/tmpny2ydpsw/chunk_03.npz
INFO preprocessing.run_vggt: [rank 2] chunk saved → /tmp/tmpny2ydpsw/chunk_02.npz
INFO preprocessing.run_vggt: [rank 1] chunk saved → /tmp/tmpny2ydpsw/chunk_01.npz
INFO preprocessing.run_vggt: Saved cameras → /iopsstor/scratch/cscs/tnanni/ghost_outputs/rich_test_sync/Gym_010_pushup2/trial0/vggt_cameras_centered.npz  extrinsics shape=(331, 4, 3, 4)
INFO preprocessing.run_vggt: Depth stats → valid_frames=331/331  nonzero_pixels=360636416  raw depth: min=0.1947 max=3.6953 mean=0.7999
INFO preprocessing.run_vggt: Saved depth   → /iopsstor/scratch/cscs/tnanni/ghost_outputs/rich_test_sync/Gym_010_pushup2/trial0/vggt_depth_centered.npz  depth shape=(331, 4, 448, 608) dtype=uint16
INFO preprocessing.run_mapanything: trial0: T=331  K=4  MA=448×602
INFO preprocessing.run_mapanything: trial0: scale mean=8.9905  std=0.2160  nan_filled=0  time=40.9s
INFO __main__:   Built /iopsstor/scratch/cscs/tnanni/ghost_outputs/rich_test_sync/Gym_010_pushup2/trial0  (sync_mae=0.50 frames)
INFO __main__: 
============================================================
Scene: Gym_011_burpee2  cameras=['cam_02', 'cam_03', 'cam_04', 'cam_05']  sync persons=[1]
INFO __main__: 
-- Trial 1/1 --
INFO __main__:   true shifts: {'cam_02': 0, 'cam_03': 4, 'cam_04': -31, 'cam_05': 22}  end_cuts: {'cam_02': 31, 'cam_03': 42, 'cam_04': 34, 'cam_05': 16}
INFO __main__:   shift_hat:   {'cam_02': 0, 'cam_03': 4, 'cam_04': -31, 'cam_05': 22}  |err|={'cam_02': 0, 'cam_03': 0, 'cam_04': 0, 'cam_05': 0}
INFO preprocessing.run_vggt: Loading VGGT-Omega on cuda:1 from 'checkpoints/vggt_omega/vggt_omega_1b_512.pt' …
INFO preprocessing.run_vggt: Loading VGGT-Omega on cuda:3 from 'checkpoints/vggt_omega/vggt_omega_1b_512.pt' …
INFO preprocessing.run_vggt: Loading VGGT-Omega on cuda:2 from 'checkpoints/vggt_omega/vggt_omega_1b_512.pt' …
INFO preprocessing.run_vggt: Loading VGGT-Omega on cuda:0 from 'checkpoints/vggt_omega/vggt_omega_1b_512.pt' …
INFO dinov3: using base=100 for rope new
INFO dinov3: using min_period=None for rope new
INFO dinov3: using max_period=None for rope new
INFO dinov3: using normalize_coords=max for rope new
INFO dinov3: using shift_coords=None for rope new
INFO dinov3: using rescale_coords=None for rope new
INFO dinov3: using jitter_coords=None for rope new
INFO dinov3: using base=100 for rope new
INFO dinov3: using dtype=fp32 for rope new
INFO dinov3: using base=100 for rope new
INFO dinov3: using min_period=None for rope new
INFO dinov3: using min_period=None for rope new
INFO dinov3: using max_period=None for rope new
INFO dinov3: using max_period=None for rope new
INFO dinov3: using normalize_coords=max for rope new
INFO dinov3: using normalize_coords=max for rope new
INFO dinov3: using shift_coords=None for rope new
INFO dinov3: using shift_coords=None for rope new
INFO dinov3: using rescale_coords=None for rope new
INFO dinov3: using rescale_coords=None for rope new
INFO dinov3: using jitter_coords=None for rope new
INFO dinov3: using jitter_coords=None for rope new
INFO dinov3: using dtype=fp32 for rope new
INFO dinov3: using dtype=fp32 for rope new
INFO dinov3: using mlp layer as FFN
INFO dinov3: using mlp layer as FFN
INFO dinov3: using mlp layer as FFN
INFO dinov3: using base=100 for rope new
INFO dinov3: using min_period=None for rope new
INFO dinov3: using max_period=None for rope new
INFO dinov3: using normalize_coords=max for rope new
INFO dinov3: using shift_coords=None for rope new
INFO dinov3: using rescale_coords=None for rope new
INFO dinov3: using jitter_coords=None for rope new
INFO dinov3: using dtype=fp32 for rope new
INFO dinov3: using mlp layer as FFN
INFO preprocessing.run_vggt: VGGT-Omega ready.
INFO preprocessing.run_vggt: VGGT-Omega ready.
INFO preprocessing.run_vggt: VGGT-Omega ready.
INFO preprocessing.run_vggt: VGGT-Omega ready.
/users/tnanni/ghost/preprocessing/run_vggt.py:224: UserWarning: Found images with different shapes: {(448, 592), (432, 592), (432, 608)}; padding to a common size.
  sample = load_and_preprocess_images(present, image_resolution=self.resolution)
INFO preprocessing.run_vggt:   VGGT-Omega output resolution: 448×608
/users/tnanni/ghost/preprocessing/run_vggt.py:224: UserWarning: Found images with different shapes: {(448, 592), (432, 592), (432, 608)}; padding to a common size.
  sample = load_and_preprocess_images(present, image_resolution=self.resolution)
/users/tnanni/ghost/preprocessing/run_vggt.py:224: UserWarning: Found images with different shapes: {(448, 592), (432, 592), (432, 608)}; padding to a common size.
  sample = load_and_preprocess_images(present, image_resolution=self.resolution)
INFO preprocessing.run_vggt:   VGGT-Omega output resolution: 448×608
INFO preprocessing.run_vggt:   VGGT-Omega output resolution: 448×608
/users/tnanni/ghost/preprocessing/run_vggt.py:224: UserWarning: Found images with different shapes: {(448, 592), (432, 592), (432, 608)}; padding to a common size.
  sample = load_and_preprocess_images(present, image_resolution=self.resolution)
INFO preprocessing.run_vggt:   VGGT-Omega output resolution: 448×608
/users/tnanni/ghost/preprocessing/run_vggt.py:172: UserWarning: Found images with different shapes: {(448, 592), (432, 592), (432, 608)}; padding to a common size.
  images = load_and_preprocess_images(
/users/tnanni/ghost/preprocessing/run_vggt.py:172: UserWarning: Found images with different shapes: {(448, 592), (432, 592), (432, 608)}; padding to a common size.
  images = load_and_preprocess_images(
/users/tnanni/ghost/preprocessing/run_vggt.py:172: UserWarning: Found images with different shapes: {(448, 592), (432, 592), (432, 608)}; padding to a common size.
  images = load_and_preprocess_images(
/users/tnanni/ghost/preprocessing/run_vggt.py:172: UserWarning: Found images with different shapes: {(448, 592), (432, 592), (432, 608)}; padding to a common size.
  images = load_and_preprocess_images(
INFO preprocessing.run_vggt:   [cuda:2] 20/96 frames done.
INFO preprocessing.run_vggt:   [cuda:3] 20/95 frames done.
INFO preprocessing.run_vggt:   [cuda:1] 20/96 frames done.
INFO preprocessing.run_vggt:   [cuda:0] 20/96 frames done.
INFO preprocessing.run_vggt:   [cuda:2] 40/96 frames done.
INFO preprocessing.run_vggt:   [cuda:1] 40/96 frames done.
INFO preprocessing.run_vggt:   [cuda:3] 40/95 frames done.
INFO preprocessing.run_vggt:   [cuda:0] 40/96 frames done.
INFO preprocessing.run_vggt:   [cuda:1] 60/96 frames done.
INFO preprocessing.run_vggt:   [cuda:2] 60/96 frames done.
INFO preprocessing.run_vggt:   [cuda:3] 60/95 frames done.
INFO preprocessing.run_vggt:   [cuda:0] 60/96 frames done.
INFO preprocessing.run_vggt:   [cuda:2] 80/96 frames done.
INFO preprocessing.run_vggt:   [cuda:3] 80/95 frames done.
INFO preprocessing.run_vggt:   [cuda:1] 80/96 frames done.
INFO preprocessing.run_vggt:   [cuda:0] 80/96 frames done.
INFO preprocessing.run_vggt:   [cuda:3] 95/95 frames done.
INFO preprocessing.run_vggt:   [cuda:2] 96/96 frames done.
INFO preprocessing.run_vggt:   [cuda:1] 96/96 frames done.
INFO preprocessing.run_vggt:   [cuda:0] 96/96 frames done.
INFO preprocessing.run_vggt: [rank 3] chunk saved → /tmp/tmpccr1i96m/chunk_03.npz
INFO preprocessing.run_vggt: [rank 2] chunk saved → /tmp/tmpccr1i96m/chunk_02.npz
INFO preprocessing.run_vggt: [rank 1] chunk saved → /tmp/tmpccr1i96m/chunk_01.npz
INFO preprocessing.run_vggt: [rank 0] chunk saved → /tmp/tmpccr1i96m/chunk_00.npz
INFO preprocessing.run_vggt: Saved cameras → /iopsstor/scratch/cscs/tnanni/ghost_outputs/rich_test_sync/Gym_011_burpee2/trial0/vggt_cameras_centered.npz  extrinsics shape=(383, 4, 3, 4)
INFO preprocessing.run_vggt: Depth stats → valid_frames=383/383  nonzero_pixels=417292288  raw depth: min=0.1675 max=3.0430 mean=0.8011
INFO preprocessing.run_vggt: Saved depth   → /iopsstor/scratch/cscs/tnanni/ghost_outputs/rich_test_sync/Gym_011_burpee2/trial0/vggt_depth_centered.npz  depth shape=(383, 4, 448, 608) dtype=uint16
INFO preprocessing.run_mapanything: trial0: T=383  K=4  MA=448×602
INFO preprocessing.run_mapanything: trial0: scale mean=8.4221  std=0.2133  nan_filled=0  time=46.9s
INFO __main__:   Built /iopsstor/scratch/cscs/tnanni/ghost_outputs/rich_test_sync/Gym_011_burpee2/trial0  (sync_mae=0.00 frames)
WARNING __main__: Gym_011_cooking1: dropping camera(s) with no centered-crop images (no calibration): ['cam_10']
INFO __main__: 
============================================================
Scene: Gym_011_cooking1  cameras=['cam_04', 'cam_05', 'cam_06']  sync persons=[2]
INFO __main__: 
-- Trial 1/1 --
INFO __main__:   true shifts: {'cam_04': 0, 'cam_05': 43, 'cam_06': -8}  end_cuts: {'cam_04': 14, 'cam_05': 41, 'cam_06': 17}
INFO __main__:   shift_hat:   {'cam_04': 0, 'cam_05': 42, 'cam_06': -8}  |err|={'cam_04': 0, 'cam_05': 1, 'cam_06': 0}
INFO preprocessing.run_vggt: Loading VGGT-Omega on cuda:3 from 'checkpoints/vggt_omega/vggt_omega_1b_512.pt' …
INFO preprocessing.run_vggt: Loading VGGT-Omega on cuda:0 from 'checkpoints/vggt_omega/vggt_omega_1b_512.pt' …
INFO preprocessing.run_vggt: Loading VGGT-Omega on cuda:1 from 'checkpoints/vggt_omega/vggt_omega_1b_512.pt' …
INFO preprocessing.run_vggt: Loading VGGT-Omega on cuda:2 from 'checkpoints/vggt_omega/vggt_omega_1b_512.pt' …
INFO dinov3: using base=100 for rope new
INFO dinov3: using min_period=None for rope new
INFO dinov3: using max_period=None for rope new
INFO dinov3: using normalize_coords=max for rope new
INFO dinov3: using shift_coords=None for rope new
INFO dinov3: using rescale_coords=None for rope new
INFO dinov3: using jitter_coords=None for rope new
INFO dinov3: using dtype=fp32 for rope new
INFO dinov3: using base=100 for rope new
INFO dinov3: using min_period=None for rope new
INFO dinov3: using mlp layer as FFN
INFO dinov3: using max_period=None for rope new
INFO dinov3: using normalize_coords=max for rope new
INFO dinov3: using shift_coords=None for rope new
INFO dinov3: using rescale_coords=None for rope new
INFO dinov3: using jitter_coords=None for rope new
INFO dinov3: using dtype=fp32 for rope new
INFO dinov3: using base=100 for rope new
INFO dinov3: using min_period=None for rope new
INFO dinov3: using max_period=None for rope new
INFO dinov3: using normalize_coords=max for rope new
INFO dinov3: using shift_coords=None for rope new
INFO dinov3: using rescale_coords=None for rope new
INFO dinov3: using jitter_coords=None for rope new
INFO dinov3: using dtype=fp32 for rope new
INFO dinov3: using base=100 for rope new
INFO dinov3: using min_period=None for rope new
INFO dinov3: using max_period=None for rope new
INFO dinov3: using normalize_coords=max for rope new
INFO dinov3: using shift_coords=None for rope new
INFO dinov3: using rescale_coords=None for rope new
INFO dinov3: using jitter_coords=None for rope new
INFO dinov3: using dtype=fp32 for rope new
INFO dinov3: using mlp layer as FFN
INFO dinov3: using mlp layer as FFN
INFO dinov3: using mlp layer as FFN
INFO preprocessing.run_vggt: VGGT-Omega ready.
INFO preprocessing.run_vggt: VGGT-Omega ready.
INFO preprocessing.run_vggt: VGGT-Omega ready.
INFO preprocessing.run_vggt: VGGT-Omega ready.
/users/tnanni/ghost/preprocessing/run_vggt.py:224: UserWarning: Found images with different shapes: {(448, 592), (432, 608)}; padding to a common size.
  sample = load_and_preprocess_images(present, image_resolution=self.resolution)
INFO preprocessing.run_vggt:   VGGT-Omega output resolution: 448×608
/users/tnanni/ghost/preprocessing/run_vggt.py:224: UserWarning: Found images with different shapes: {(448, 592), (432, 608)}; padding to a common size.
  sample = load_and_preprocess_images(present, image_resolution=self.resolution)
INFO preprocessing.run_vggt:   VGGT-Omega output resolution: 448×608
/users/tnanni/ghost/preprocessing/run_vggt.py:224: UserWarning: Found images with different shapes: {(448, 592), (432, 608)}; padding to a common size.
  sample = load_and_preprocess_images(present, image_resolution=self.resolution)
/users/tnanni/ghost/preprocessing/run_vggt.py:224: UserWarning: Found images with different shapes: {(448, 592), (432, 608)}; padding to a common size.
  sample = load_and_preprocess_images(present, image_resolution=self.resolution)
INFO preprocessing.run_vggt:   VGGT-Omega output resolution: 448×608
INFO preprocessing.run_vggt:   VGGT-Omega output resolution: 448×608
/users/tnanni/ghost/preprocessing/run_vggt.py:172: UserWarning: Found images with different shapes: {(448, 592), (432, 608)}; padding to a common size.
  images = load_and_preprocess_images(
/users/tnanni/ghost/preprocessing/run_vggt.py:172: UserWarning: Found images with different shapes: {(448, 592), (432, 608)}; padding to a common size.
  images = load_and_preprocess_images(
/users/tnanni/ghost/preprocessing/run_vggt.py:172: UserWarning: Found images with different shapes: {(448, 592), (432, 608)}; padding to a common size.
  images = load_and_preprocess_images(
/users/tnanni/ghost/preprocessing/run_vggt.py:172: UserWarning: Found images with different shapes: {(448, 592), (432, 608)}; padding to a common size.
  images = load_and_preprocess_images(
INFO preprocessing.run_vggt:   [cuda:0] 20/263 frames done.
INFO preprocessing.run_vggt:   [cuda:2] 20/262 frames done.
INFO preprocessing.run_vggt:   [cuda:1] 20/263 frames done.
INFO preprocessing.run_vggt:   [cuda:3] 20/262 frames done.
INFO preprocessing.run_vggt:   [cuda:2] 40/262 frames done.
INFO preprocessing.run_vggt:   [cuda:1] 40/263 frames done.
INFO preprocessing.run_vggt:   [cuda:0] 40/263 frames done.
INFO preprocessing.run_vggt:   [cuda:3] 40/262 frames done.
INFO preprocessing.run_vggt:   [cuda:1] 60/263 frames done.
INFO preprocessing.run_vggt:   [cuda:2] 60/262 frames done.
INFO preprocessing.run_vggt:   [cuda:0] 60/263 frames done.
INFO preprocessing.run_vggt:   [cuda:3] 60/262 frames done.
INFO preprocessing.run_vggt:   [cuda:1] 80/263 frames done.
INFO preprocessing.run_vggt:   [cuda:2] 80/262 frames done.
INFO preprocessing.run_vggt:   [cuda:0] 80/263 frames done.
INFO preprocessing.run_vggt:   [cuda:3] 80/262 frames done.
INFO preprocessing.run_vggt:   [cuda:2] 100/262 frames done.
INFO preprocessing.run_vggt:   [cuda:1] 100/263 frames done.
INFO preprocessing.run_vggt:   [cuda:0] 100/263 frames done.
INFO preprocessing.run_vggt:   [cuda:3] 100/262 frames done.
INFO preprocessing.run_vggt:   [cuda:2] 120/262 frames done.
INFO preprocessing.run_vggt:   [cuda:1] 120/263 frames done.
INFO preprocessing.run_vggt:   [cuda:0] 120/263 frames done.
INFO preprocessing.run_vggt:   [cuda:3] 120/262 frames done.
INFO preprocessing.run_vggt:   [cuda:2] 140/262 frames done.
INFO preprocessing.run_vggt:   [cuda:1] 140/263 frames done.
INFO preprocessing.run_vggt:   [cuda:0] 140/263 frames done.
INFO preprocessing.run_vggt:   [cuda:3] 140/262 frames done.
INFO preprocessing.run_vggt:   [cuda:2] 160/262 frames done.
INFO preprocessing.run_vggt:   [cuda:1] 160/263 frames done.
INFO preprocessing.run_vggt:   [cuda:0] 160/263 frames done.
INFO preprocessing.run_vggt:   [cuda:3] 160/262 frames done.
INFO preprocessing.run_vggt:   [cuda:2] 180/262 frames done.
INFO preprocessing.run_vggt:   [cuda:1] 180/263 frames done.
INFO preprocessing.run_vggt:   [cuda:0] 180/263 frames done.
INFO preprocessing.run_vggt:   [cuda:3] 180/262 frames done.
INFO preprocessing.run_vggt:   [cuda:2] 200/262 frames done.
INFO preprocessing.run_vggt:   [cuda:1] 200/263 frames done.
INFO preprocessing.run_vggt:   [cuda:0] 200/263 frames done.
INFO preprocessing.run_vggt:   [cuda:3] 200/262 frames done.
INFO preprocessing.run_vggt:   [cuda:2] 220/262 frames done.
INFO preprocessing.run_vggt:   [cuda:1] 220/263 frames done.
INFO preprocessing.run_vggt:   [cuda:0] 220/263 frames done.
INFO preprocessing.run_vggt:   [cuda:3] 220/262 frames done.
INFO preprocessing.run_vggt:   [cuda:2] 240/262 frames done.
INFO preprocessing.run_vggt:   [cuda:1] 240/263 frames done.
INFO preprocessing.run_vggt:   [cuda:0] 240/263 frames done.
INFO preprocessing.run_vggt:   [cuda:3] 240/262 frames done.
INFO preprocessing.run_vggt:   [cuda:2] 260/262 frames done.
INFO preprocessing.run_vggt:   [cuda:1] 260/263 frames done.
INFO preprocessing.run_vggt:   [cuda:2] 262/262 frames done.
INFO preprocessing.run_vggt:   [cuda:1] 263/263 frames done.
INFO preprocessing.run_vggt:   [cuda:0] 260/263 frames done.
INFO preprocessing.run_vggt:   [cuda:3] 260/262 frames done.
INFO preprocessing.run_vggt:   [cuda:0] 263/263 frames done.
INFO preprocessing.run_vggt:   [cuda:3] 262/262 frames done.
INFO preprocessing.run_vggt: [rank 2] chunk saved → /tmp/tmpr43e9dfm/chunk_02.npz
INFO preprocessing.run_vggt: [rank 1] chunk saved → /tmp/tmpr43e9dfm/chunk_01.npz
INFO preprocessing.run_vggt: [rank 3] chunk saved → /tmp/tmpr43e9dfm/chunk_03.npz
INFO preprocessing.run_vggt: [rank 0] chunk saved → /tmp/tmpr43e9dfm/chunk_00.npz
INFO preprocessing.run_vggt: Saved cameras → /iopsstor/scratch/cscs/tnanni/ghost_outputs/rich_test_sync/Gym_011_cooking1/trial0/vggt_cameras_centered.npz  extrinsics shape=(1050, 3, 3, 4)
INFO preprocessing.run_vggt: Depth stats → valid_frames=1050/1050  nonzero_pixels=858009600  raw depth: min=0.1063 max=4.1953 mean=0.8766
INFO preprocessing.run_vggt: Saved depth   → /iopsstor/scratch/cscs/tnanni/ghost_outputs/rich_test_sync/Gym_011_cooking1/trial0/vggt_depth_centered.npz  depth shape=(1050, 3, 448, 608) dtype=uint16
INFO preprocessing.run_mapanything: trial0: T=1050  K=3  MA=448×602
INFO preprocessing.run_mapanything: trial0: scale mean=7.4520  std=0.0889  nan_filled=0  time=96.0s
INFO __main__:   Built /iopsstor/scratch/cscs/tnanni/ghost_outputs/rich_test_sync/Gym_011_cooking1/trial0  (sync_mae=0.33 frames)
WARNING __main__: Gym_011_cooking2: dropping camera(s) with no centered-crop images (no calibration): ['cam_10']
INFO __main__: 
============================================================
Scene: Gym_011_cooking2  cameras=['cam_02', 'cam_04', 'cam_05']  sync persons=[1, 2]
INFO __main__: 
-- Trial 1/1 --
INFO __main__:   true shifts: {'cam_02': 0, 'cam_04': -39, 'cam_05': -3}  end_cuts: {'cam_02': 36, 'cam_04': 8, 'cam_05': 21}
INFO __main__:   shift_hat:   {'cam_02': 0, 'cam_04': -38, 'cam_05': -3}  |err|={'cam_02': 0, 'cam_04': 1, 'cam_05': 0}
INFO preprocessing.run_vggt: Loading VGGT-Omega on cuda:2 from 'checkpoints/vggt_omega/vggt_omega_1b_512.pt' …
INFO dinov3: using base=100 for rope new
INFO dinov3: using min_period=None for rope new
INFO dinov3: using max_period=None for rope new
INFO dinov3: using normalize_coords=max for rope new
INFO dinov3: using shift_coords=None for rope new
INFO dinov3: using rescale_coords=None for rope new
INFO dinov3: using jitter_coords=None for rope new
INFO dinov3: using dtype=fp32 for rope new
INFO dinov3: using mlp layer as FFN
INFO preprocessing.run_vggt: Loading VGGT-Omega on cuda:3 from 'checkpoints/vggt_omega/vggt_omega_1b_512.pt' …
INFO preprocessing.run_vggt: Loading VGGT-Omega on cuda:1 from 'checkpoints/vggt_omega/vggt_omega_1b_512.pt' …
INFO dinov3: using base=100 for rope new
INFO dinov3: using min_period=None for rope new
INFO dinov3: using max_period=None for rope new
INFO dinov3: using normalize_coords=max for rope new
INFO dinov3: using shift_coords=None for rope new
INFO dinov3: using rescale_coords=None for rope new
INFO dinov3: using jitter_coords=None for rope new
INFO dinov3: using dtype=fp32 for rope new
INFO dinov3: using mlp layer as FFN
INFO dinov3: using base=100 for rope new
INFO dinov3: using min_period=None for rope new
INFO dinov3: using max_period=None for rope new
INFO dinov3: using normalize_coords=max for rope new
INFO dinov3: using shift_coords=None for rope new
INFO dinov3: using rescale_coords=None for rope new
INFO dinov3: using jitter_coords=None for rope new
INFO dinov3: using dtype=fp32 for rope new
INFO dinov3: using mlp layer as FFN
INFO preprocessing.run_vggt: Loading VGGT-Omega on cuda:0 from 'checkpoints/vggt_omega/vggt_omega_1b_512.pt' …
INFO dinov3: using base=100 for rope new
INFO dinov3: using min_period=None for rope new
INFO dinov3: using max_period=None for rope new
INFO dinov3: using normalize_coords=max for rope new
INFO dinov3: using shift_coords=None for rope new
INFO dinov3: using rescale_coords=None for rope new
INFO dinov3: using jitter_coords=None for rope new
INFO dinov3: using dtype=fp32 for rope new
INFO dinov3: using mlp layer as FFN
INFO preprocessing.run_vggt: VGGT-Omega ready.
INFO preprocessing.run_vggt: VGGT-Omega ready.
INFO preprocessing.run_vggt: VGGT-Omega ready.
INFO preprocessing.run_vggt: VGGT-Omega ready.
/users/tnanni/ghost/preprocessing/run_vggt.py:224: UserWarning: Found images with different shapes: {(448, 592), (432, 608)}; padding to a common size.
  sample = load_and_preprocess_images(present, image_resolution=self.resolution)
INFO preprocessing.run_vggt:   VGGT-Omega output resolution: 448×608
/users/tnanni/ghost/preprocessing/run_vggt.py:224: UserWarning: Found images with different shapes: {(448, 592), (432, 608)}; padding to a common size.
  sample = load_and_preprocess_images(present, image_resolution=self.resolution)
INFO preprocessing.run_vggt:   VGGT-Omega output resolution: 448×608
/users/tnanni/ghost/preprocessing/run_vggt.py:224: UserWarning: Found images with different shapes: {(448, 592), (432, 608)}; padding to a common size.
  sample = load_and_preprocess_images(present, image_resolution=self.resolution)
INFO preprocessing.run_vggt:   VGGT-Omega output resolution: 448×608
/users/tnanni/ghost/preprocessing/run_vggt.py:224: UserWarning: Found images with different shapes: {(448, 592), (432, 608)}; padding to a common size.
  sample = load_and_preprocess_images(present, image_resolution=self.resolution)
INFO preprocessing.run_vggt:   VGGT-Omega output resolution: 448×608
/users/tnanni/ghost/preprocessing/run_vggt.py:172: UserWarning: Found images with different shapes: {(448, 592), (432, 608)}; padding to a common size.
  images = load_and_preprocess_images(
/users/tnanni/ghost/preprocessing/run_vggt.py:172: UserWarning: Found images with different shapes: {(448, 592), (432, 608)}; padding to a common size.
  images = load_and_preprocess_images(
/users/tnanni/ghost/preprocessing/run_vggt.py:172: UserWarning: Found images with different shapes: {(448, 592), (432, 608)}; padding to a common size.
  images = load_and_preprocess_images(
/users/tnanni/ghost/preprocessing/run_vggt.py:172: UserWarning: Found images with different shapes: {(448, 592), (432, 608)}; padding to a common size.
  images = load_and_preprocess_images(
INFO preprocessing.run_vggt:   [cuda:0] 20/268 frames done.
INFO preprocessing.run_vggt:   [cuda:2] 20/267 frames done.
INFO preprocessing.run_vggt:   [cuda:3] 20/267 frames done.
INFO preprocessing.run_vggt:   [cuda:1] 20/268 frames done.
INFO preprocessing.run_vggt:   [cuda:0] 40/268 frames done.
INFO preprocessing.run_vggt:   [cuda:2] 40/267 frames done.
INFO preprocessing.run_vggt:   [cuda:3] 40/267 frames done.
INFO preprocessing.run_vggt:   [cuda:1] 40/268 frames done.
INFO preprocessing.run_vggt:   [cuda:0] 60/268 frames done.
INFO preprocessing.run_vggt:   [cuda:2] 60/267 frames done.
INFO preprocessing.run_vggt:   [cuda:1] 60/268 frames done.
INFO preprocessing.run_vggt:   [cuda:3] 60/267 frames done.
INFO preprocessing.run_vggt:   [cuda:0] 80/268 frames done.
INFO preprocessing.run_vggt:   [cuda:2] 80/267 frames done.
INFO preprocessing.run_vggt:   [cuda:3] 80/267 frames done.
INFO preprocessing.run_vggt:   [cuda:1] 80/268 frames done.
INFO preprocessing.run_vggt:   [cuda:0] 100/268 frames done.
INFO preprocessing.run_vggt:   [cuda:2] 100/267 frames done.
INFO preprocessing.run_vggt:   [cuda:1] 100/268 frames done.
INFO preprocessing.run_vggt:   [cuda:3] 100/267 frames done.
INFO preprocessing.run_vggt:   [cuda:0] 120/268 frames done.
INFO preprocessing.run_vggt:   [cuda:2] 120/267 frames done.
INFO preprocessing.run_vggt:   [cuda:1] 120/268 frames done.
INFO preprocessing.run_vggt:   [cuda:3] 120/267 frames done.
INFO preprocessing.run_vggt:   [cuda:0] 140/268 frames done.
INFO preprocessing.run_vggt:   [cuda:2] 140/267 frames done.
INFO preprocessing.run_vggt:   [cuda:3] 140/267 frames done.
INFO preprocessing.run_vggt:   [cuda:1] 140/268 frames done.
INFO preprocessing.run_vggt:   [cuda:0] 160/268 frames done.
INFO preprocessing.run_vggt:   [cuda:2] 160/267 frames done.
INFO preprocessing.run_vggt:   [cuda:3] 160/267 frames done.
INFO preprocessing.run_vggt:   [cuda:1] 160/268 frames done.
INFO preprocessing.run_vggt:   [cuda:0] 180/268 frames done.
INFO preprocessing.run_vggt:   [cuda:2] 180/267 frames done.
INFO preprocessing.run_vggt:   [cuda:3] 180/267 frames done.
INFO preprocessing.run_vggt:   [cuda:1] 180/268 frames done.
INFO preprocessing.run_vggt:   [cuda:0] 200/268 frames done.
INFO preprocessing.run_vggt:   [cuda:2] 200/267 frames done.
INFO preprocessing.run_vggt:   [cuda:3] 200/267 frames done.
INFO preprocessing.run_vggt:   [cuda:1] 200/268 frames done.
INFO preprocessing.run_vggt:   [cuda:0] 220/268 frames done.
INFO preprocessing.run_vggt:   [cuda:2] 220/267 frames done.
INFO preprocessing.run_vggt:   [cuda:3] 220/267 frames done.
INFO preprocessing.run_vggt:   [cuda:1] 220/268 frames done.
INFO preprocessing.run_vggt:   [cuda:0] 240/268 frames done.
INFO preprocessing.run_vggt:   [cuda:2] 240/267 frames done.
INFO preprocessing.run_vggt:   [cuda:3] 240/267 frames done.
INFO preprocessing.run_vggt:   [cuda:1] 240/268 frames done.
INFO preprocessing.run_vggt:   [cuda:0] 260/268 frames done.
INFO preprocessing.run_vggt:   [cuda:2] 260/267 frames done.
INFO preprocessing.run_vggt:   [cuda:0] 268/268 frames done.
INFO preprocessing.run_vggt:   [cuda:2] 267/267 frames done.
INFO preprocessing.run_vggt:   [cuda:3] 260/267 frames done.
INFO preprocessing.run_vggt:   [cuda:1] 260/268 frames done.
INFO preprocessing.run_vggt:   [cuda:3] 267/267 frames done.
INFO preprocessing.run_vggt:   [cuda:1] 268/268 frames done.
INFO preprocessing.run_vggt: [rank 2] chunk saved → /tmp/tmp07qzfvws/chunk_02.npz
INFO preprocessing.run_vggt: [rank 0] chunk saved → /tmp/tmp07qzfvws/chunk_00.npz
INFO preprocessing.run_vggt: [rank 3] chunk saved → /tmp/tmp07qzfvws/chunk_03.npz
INFO preprocessing.run_vggt: [rank 1] chunk saved → /tmp/tmp07qzfvws/chunk_01.npz
INFO preprocessing.run_vggt: Saved cameras → /iopsstor/scratch/cscs/tnanni/ghost_outputs/rich_test_sync/Gym_011_cooking2/trial0/vggt_cameras_centered.npz  extrinsics shape=(1070, 3, 3, 4)
INFO preprocessing.run_vggt: Depth stats → valid_frames=1070/1070  nonzero_pixels=874352640  raw depth: min=0.1671 max=3.3047 mean=0.8145
INFO preprocessing.run_vggt: Saved depth   → /iopsstor/scratch/cscs/tnanni/ghost_outputs/rich_test_sync/Gym_011_cooking2/trial0/vggt_depth_centered.npz  depth shape=(1070, 3, 448, 608) dtype=uint16
INFO preprocessing.run_mapanything: trial0: T=1070  K=3  MA=448×602
INFO preprocessing.run_mapanything: trial0: scale mean=9.0194  std=0.1182  nan_filled=0  time=97.5s
INFO __main__:   Built /iopsstor/scratch/cscs/tnanni/ghost_outputs/rich_test_sync/Gym_011_cooking2/trial0  (sync_mae=0.33 frames)
INFO __main__: 
============================================================
Scene: Gym_011_dips1  cameras=['cam_01', 'cam_03', 'cam_04', 'cam_05']  sync persons=[1]
INFO __main__: 
-- Trial 1/1 --
INFO __main__:   true shifts: {'cam_01': 0, 'cam_03': -34, 'cam_04': 17, 'cam_05': -2}  end_cuts: {'cam_01': 15, 'cam_03': 10, 'cam_04': 25, 'cam_05': 30}
INFO __main__:   shift_hat:   {'cam_01': 0, 'cam_03': -34, 'cam_04': 17, 'cam_05': -2}  |err|={'cam_01': 0, 'cam_03': 0, 'cam_04': 0, 'cam_05': 0}
INFO preprocessing.run_vggt: Loading VGGT-Omega on cuda:2 from 'checkpoints/vggt_omega/vggt_omega_1b_512.pt' …
INFO dinov3: using base=100 for rope new
INFO dinov3: using min_period=None for rope new
INFO dinov3: using max_period=None for rope new
INFO dinov3: using normalize_coords=max for rope new
INFO dinov3: using shift_coords=None for rope new
INFO dinov3: using rescale_coords=None for rope new
INFO dinov3: using jitter_coords=None for rope new
INFO dinov3: using dtype=fp32 for rope new
INFO dinov3: using mlp layer as FFN
INFO preprocessing.run_vggt: Loading VGGT-Omega on cuda:0 from 'checkpoints/vggt_omega/vggt_omega_1b_512.pt' …
INFO dinov3: using base=100 for rope new
INFO dinov3: using min_period=None for rope new
INFO dinov3: using max_period=None for rope new
INFO dinov3: using normalize_coords=max for rope new
INFO dinov3: using shift_coords=None for rope new
INFO dinov3: using rescale_coords=None for rope new
INFO dinov3: using jitter_coords=None for rope new
INFO dinov3: using dtype=fp32 for rope new
INFO dinov3: using mlp layer as FFN
INFO preprocessing.run_vggt: Loading VGGT-Omega on cuda:1 from 'checkpoints/vggt_omega/vggt_omega_1b_512.pt' …
INFO preprocessing.run_vggt: Loading VGGT-Omega on cuda:3 from 'checkpoints/vggt_omega/vggt_omega_1b_512.pt' …
INFO dinov3: using base=100 for rope new
INFO dinov3: using min_period=None for rope new
INFO dinov3: using max_period=None for rope new
INFO dinov3: using normalize_coords=max for rope new
INFO dinov3: using shift_coords=None for rope new
INFO dinov3: using rescale_coords=None for rope new
INFO dinov3: using jitter_coords=None for rope new
INFO dinov3: using dtype=fp32 for rope new
INFO dinov3: using mlp layer as FFN
INFO dinov3: using base=100 for rope new
INFO dinov3: using min_period=None for rope new
INFO dinov3: using max_period=None for rope new
INFO dinov3: using normalize_coords=max for rope new
INFO dinov3: using shift_coords=None for rope new
INFO dinov3: using rescale_coords=None for rope new
INFO dinov3: using jitter_coords=None for rope new
INFO dinov3: using dtype=fp32 for rope new
INFO dinov3: using mlp layer as FFN
INFO preprocessing.run_vggt: VGGT-Omega ready.
INFO preprocessing.run_vggt: VGGT-Omega ready.
INFO preprocessing.run_vggt: VGGT-Omega ready.
INFO preprocessing.run_vggt: VGGT-Omega ready.
/users/tnanni/ghost/preprocessing/run_vggt.py:224: UserWarning: Found images with different shapes: {(448, 592), (432, 592), (432, 608)}; padding to a common size.
  sample = load_and_preprocess_images(present, image_resolution=self.resolution)
INFO preprocessing.run_vggt:   VGGT-Omega output resolution: 448×608
/users/tnanni/ghost/preprocessing/run_vggt.py:224: UserWarning: Found images with different shapes: {(448, 592), (432, 592), (432, 608)}; padding to a common size.
  sample = load_and_preprocess_images(present, image_resolution=self.resolution)
INFO preprocessing.run_vggt:   VGGT-Omega output resolution: 448×608
/users/tnanni/ghost/preprocessing/run_vggt.py:224: UserWarning: Found images with different shapes: {(448, 592), (432, 592), (432, 608)}; padding to a common size.
  sample = load_and_preprocess_images(present, image_resolution=self.resolution)
INFO preprocessing.run_vggt:   VGGT-Omega output resolution: 448×608
/users/tnanni/ghost/preprocessing/run_vggt.py:224: UserWarning: Found images with different shapes: {(448, 592), (432, 592), (432, 608)}; padding to a common size.
  sample = load_and_preprocess_images(present, image_resolution=self.resolution)
INFO preprocessing.run_vggt:   VGGT-Omega output resolution: 448×608
/users/tnanni/ghost/preprocessing/run_vggt.py:172: UserWarning: Found images with different shapes: {(448, 592), (432, 592), (432, 608)}; padding to a common size.
  images = load_and_preprocess_images(
/users/tnanni/ghost/preprocessing/run_vggt.py:172: UserWarning: Found images with different shapes: {(448, 592), (432, 592), (432, 608)}; padding to a common size.
  images = load_and_preprocess_images(
/users/tnanni/ghost/preprocessing/run_vggt.py:172: UserWarning: Found images with different shapes: {(448, 592), (432, 592), (432, 608)}; padding to a common size.
  images = load_and_preprocess_images(
/users/tnanni/ghost/preprocessing/run_vggt.py:172: UserWarning: Found images with different shapes: {(448, 592), (432, 592), (432, 608)}; padding to a common size.
  images = load_and_preprocess_images(
INFO preprocessing.run_vggt:   [cuda:2] 20/103 frames done.
INFO preprocessing.run_vggt:   [cuda:0] 20/103 frames done.
INFO preprocessing.run_vggt:   [cuda:1] 20/103 frames done.
INFO preprocessing.run_vggt:   [cuda:3] 20/103 frames done.
INFO preprocessing.run_vggt:   [cuda:0] 40/103 frames done.
INFO preprocessing.run_vggt:   [cuda:2] 40/103 frames done.
INFO preprocessing.run_vggt:   [cuda:1] 40/103 frames done.
INFO preprocessing.run_vggt:   [cuda:3] 40/103 frames done.
INFO preprocessing.run_vggt:   [cuda:0] 60/103 frames done.
INFO preprocessing.run_vggt:   [cuda:2] 60/103 frames done.
INFO preprocessing.run_vggt:   [cuda:1] 60/103 frames done.
INFO preprocessing.run_vggt:   [cuda:3] 60/103 frames done.
INFO preprocessing.run_vggt:   [cuda:0] 80/103 frames done.
INFO preprocessing.run_vggt:   [cuda:2] 80/103 frames done.
INFO preprocessing.run_vggt:   [cuda:1] 80/103 frames done.
INFO preprocessing.run_vggt:   [cuda:3] 80/103 frames done.
INFO preprocessing.run_vggt:   [cuda:1] 100/103 frames done.
INFO preprocessing.run_vggt:   [cuda:0] 100/103 frames done.
INFO preprocessing.run_vggt:   [cuda:2] 100/103 frames done.
INFO preprocessing.run_vggt:   [cuda:3] 100/103 frames done.
INFO preprocessing.run_vggt:   [cuda:1] 103/103 frames done.
INFO preprocessing.run_vggt:   [cuda:0] 103/103 frames done.
INFO preprocessing.run_vggt:   [cuda:2] 103/103 frames done.
INFO preprocessing.run_vggt:   [cuda:3] 103/103 frames done.
INFO preprocessing.run_vggt: [rank 2] chunk saved → /tmp/tmp4s2sizb9/chunk_02.npz
INFO preprocessing.run_vggt: [rank 1] chunk saved → /tmp/tmp4s2sizb9/chunk_01.npz
INFO preprocessing.run_vggt: [rank 0] chunk saved → /tmp/tmp4s2sizb9/chunk_00.npz
INFO preprocessing.run_vggt: [rank 3] chunk saved → /tmp/tmp4s2sizb9/chunk_03.npz
INFO preprocessing.run_vggt: Saved cameras → /iopsstor/scratch/cscs/tnanni/ghost_outputs/rich_test_sync/Gym_011_dips1/trial0/vggt_cameras_centered.npz  extrinsics shape=(412, 4, 3, 4)
INFO preprocessing.run_vggt: Depth stats → valid_frames=412/412  nonzero_pixels=448888832  raw depth: min=0.1764 max=8.9219 mean=0.8417
INFO preprocessing.run_vggt: Saved depth   → /iopsstor/scratch/cscs/tnanni/ghost_outputs/rich_test_sync/Gym_011_dips1/trial0/vggt_depth_centered.npz  depth shape=(412, 4, 448, 608) dtype=uint16
INFO preprocessing.run_mapanything: trial0: T=412  K=4  MA=448×602
INFO preprocessing.run_mapanything: trial0: scale mean=8.2296  std=0.1083  nan_filled=0  time=50.4s
INFO __main__:   Built /iopsstor/scratch/cscs/tnanni/ghost_outputs/rich_test_sync/Gym_011_dips1/trial0  (sync_mae=0.00 frames)
INFO __main__: 
============================================================
Scene: Gym_011_dips2  cameras=['cam_01', 'cam_03', 'cam_04', 'cam_05']  sync persons=[2]
INFO __main__: 
-- Trial 1/1 --
INFO __main__:   true shifts: {'cam_01': 0, 'cam_03': 40, 'cam_04': -6, 'cam_05': -31}  end_cuts: {'cam_01': 38, 'cam_03': 28, 'cam_04': 32, 'cam_05': 4}
INFO __main__:   shift_hat:   {'cam_01': 0, 'cam_03': 41, 'cam_04': -6, 'cam_05': -30}  |err|={'cam_01': 0, 'cam_03': 1, 'cam_04': 0, 'cam_05': 1}
INFO preprocessing.run_vggt: Loading VGGT-Omega on cuda:2 from 'checkpoints/vggt_omega/vggt_omega_1b_512.pt' …
INFO dinov3: using base=100 for rope new
INFO dinov3: using min_period=None for rope new
INFO dinov3: using max_period=None for rope new
INFO dinov3: using normalize_coords=max for rope new
INFO dinov3: using shift_coords=None for rope new
INFO dinov3: using rescale_coords=None for rope new
INFO dinov3: using jitter_coords=None for rope new
INFO dinov3: using dtype=fp32 for rope new
INFO dinov3: using mlp layer as FFN
INFO preprocessing.run_vggt: Loading VGGT-Omega on cuda:0 from 'checkpoints/vggt_omega/vggt_omega_1b_512.pt' …
INFO dinov3: using base=100 for rope new
INFO dinov3: using min_period=None for rope new
INFO dinov3: using max_period=None for rope new
INFO dinov3: using normalize_coords=max for rope new
INFO dinov3: using shift_coords=None for rope new
INFO dinov3: using rescale_coords=None for rope new
INFO dinov3: using jitter_coords=None for rope new
INFO dinov3: using dtype=fp32 for rope new
INFO dinov3: using mlp layer as FFN
INFO preprocessing.run_vggt: Loading VGGT-Omega on cuda:1 from 'checkpoints/vggt_omega/vggt_omega_1b_512.pt' …
INFO dinov3: using base=100 for rope new
INFO dinov3: using min_period=None for rope new
INFO dinov3: using max_period=None for rope new
INFO dinov3: using normalize_coords=max for rope new
INFO dinov3: using shift_coords=None for rope new
INFO dinov3: using rescale_coords=None for rope new
INFO dinov3: using jitter_coords=None for rope new
INFO dinov3: using dtype=fp32 for rope new
INFO dinov3: using mlp layer as FFN
INFO preprocessing.run_vggt: Loading VGGT-Omega on cuda:3 from 'checkpoints/vggt_omega/vggt_omega_1b_512.pt' …
INFO dinov3: using base=100 for rope new
INFO dinov3: using min_period=None for rope new
INFO dinov3: using max_period=None for rope new
INFO dinov3: using normalize_coords=max for rope new
INFO dinov3: using shift_coords=None for rope new
INFO dinov3: using rescale_coords=None for rope new
INFO dinov3: using jitter_coords=None for rope new
INFO dinov3: using dtype=fp32 for rope new
INFO dinov3: using mlp layer as FFN
INFO preprocessing.run_vggt: VGGT-Omega ready.
INFO preprocessing.run_vggt: VGGT-Omega ready.
INFO preprocessing.run_vggt: VGGT-Omega ready.
INFO preprocessing.run_vggt: VGGT-Omega ready.
/users/tnanni/ghost/preprocessing/run_vggt.py:224: UserWarning: Found images with different shapes: {(448, 592), (432, 592), (432, 608)}; padding to a common size.
  sample = load_and_preprocess_images(present, image_resolution=self.resolution)
INFO preprocessing.run_vggt:   VGGT-Omega output resolution: 448×608
/users/tnanni/ghost/preprocessing/run_vggt.py:224: UserWarning: Found images with different shapes: {(448, 592), (432, 592), (432, 608)}; padding to a common size.
  sample = load_and_preprocess_images(present, image_resolution=self.resolution)
INFO preprocessing.run_vggt:   VGGT-Omega output resolution: 448×608
/users/tnanni/ghost/preprocessing/run_vggt.py:224: UserWarning: Found images with different shapes: {(448, 592), (432, 592), (432, 608)}; padding to a common size.
  sample = load_and_preprocess_images(present, image_resolution=self.resolution)
INFO preprocessing.run_vggt:   VGGT-Omega output resolution: 448×608
/users/tnanni/ghost/preprocessing/run_vggt.py:224: UserWarning: Found images with different shapes: {(448, 592), (432, 592), (432, 608)}; padding to a common size.
  sample = load_and_preprocess_images(present, image_resolution=self.resolution)
INFO preprocessing.run_vggt:   VGGT-Omega output resolution: 448×608
/users/tnanni/ghost/preprocessing/run_vggt.py:172: UserWarning: Found images with different shapes: {(448, 592), (432, 592), (432, 608)}; padding to a common size.
  images = load_and_preprocess_images(
/users/tnanni/ghost/preprocessing/run_vggt.py:172: UserWarning: Found images with different shapes: {(448, 592), (432, 592), (432, 608)}; padding to a common size.
  images = load_and_preprocess_images(
/users/tnanni/ghost/preprocessing/run_vggt.py:172: UserWarning: Found images with different shapes: {(448, 592), (432, 592), (432, 608)}; padding to a common size.
  images = load_and_preprocess_images(
/users/tnanni/ghost/preprocessing/run_vggt.py:172: UserWarning: Found images with different shapes: {(448, 592), (432, 592), (432, 608)}; padding to a common size.
  images = load_and_preprocess_images(
INFO preprocessing.run_vggt:   [cuda:1] 20/68 frames done.
INFO preprocessing.run_vggt:   [cuda:2] 20/68 frames done.
INFO preprocessing.run_vggt:   [cuda:0] 20/69 frames done.
INFO preprocessing.run_vggt:   [cuda:3] 20/68 frames done.
INFO preprocessing.run_vggt:   [cuda:1] 40/68 frames done.
INFO preprocessing.run_vggt:   [cuda:2] 40/68 frames done.
INFO preprocessing.run_vggt:   [cuda:0] 40/69 frames done.
INFO preprocessing.run_vggt:   [cuda:3] 40/68 frames done.
INFO preprocessing.run_vggt:   [cuda:1] 60/68 frames done.
INFO preprocessing.run_vggt:   [cuda:0] 60/69 frames done.
INFO preprocessing.run_vggt:   [cuda:2] 60/68 frames done.
INFO preprocessing.run_vggt:   [cuda:3] 60/68 frames done.
INFO preprocessing.run_vggt:   [cuda:1] 68/68 frames done.
INFO preprocessing.run_vggt:   [cuda:2] 68/68 frames done.
INFO preprocessing.run_vggt:   [cuda:0] 69/69 frames done.
INFO preprocessing.run_vggt:   [cuda:3] 68/68 frames done.
INFO preprocessing.run_vggt: [rank 1] chunk saved → /tmp/tmpfntqbosf/chunk_01.npz
INFO preprocessing.run_vggt: [rank 3] chunk saved → /tmp/tmpfntqbosf/chunk_03.npz
INFO preprocessing.run_vggt: [rank 2] chunk saved → /tmp/tmpfntqbosf/chunk_02.npz
INFO preprocessing.run_vggt: [rank 0] chunk saved → /tmp/tmpfntqbosf/chunk_00.npz
INFO preprocessing.run_vggt: Saved cameras → /iopsstor/scratch/cscs/tnanni/ghost_outputs/rich_test_sync/Gym_011_dips2/trial0/vggt_cameras_centered.npz  extrinsics shape=(273, 4, 3, 4)
INFO preprocessing.run_vggt: Depth stats → valid_frames=273/273  nonzero_pixels=297443328  raw depth: min=0.1620 max=8.3438 mean=0.8497
INFO preprocessing.run_vggt: Saved depth   → /iopsstor/scratch/cscs/tnanni/ghost_outputs/rich_test_sync/Gym_011_dips2/trial0/vggt_depth_centered.npz  depth shape=(273, 4, 448, 608) dtype=uint16
INFO preprocessing.run_mapanything: trial0: T=273  K=4  MA=448×602
INFO preprocessing.run_mapanything: trial0: scale mean=8.2077  std=0.1069  nan_filled=0  time=33.8s
INFO __main__:   Built /iopsstor/scratch/cscs/tnanni/ghost_outputs/rich_test_sync/Gym_011_dips2/trial0  (sync_mae=0.50 frames)
INFO __main__: 
============================================================
Scene: Gym_011_dips3  cameras=['cam_00', 'cam_03', 'cam_04', 'cam_05']  sync persons=[2]
INFO __main__: 
-- Trial 1/1 --
INFO __main__:   true shifts: {'cam_00': 0, 'cam_03': -17, 'cam_04': 24, 'cam_05': 30}  end_cuts: {'cam_00': 20, 'cam_03': 37, 'cam_04': 38, 'cam_05': 17}
INFO __main__:   shift_hat:   {'cam_00': 0, 'cam_03': -17, 'cam_04': 24, 'cam_05': 30}  |err|={'cam_00': 0, 'cam_03': 0, 'cam_04': 0, 'cam_05': 0}
INFO preprocessing.run_vggt: Loading VGGT-Omega on cuda:2 from 'checkpoints/vggt_omega/vggt_omega_1b_512.pt' …
INFO dinov3: using base=100 for rope new
INFO dinov3: using min_period=None for rope new
INFO dinov3: using max_period=None for rope new
INFO dinov3: using normalize_coords=max for rope new
INFO dinov3: using shift_coords=None for rope new
INFO dinov3: using rescale_coords=None for rope new
INFO dinov3: using jitter_coords=None for rope new
INFO dinov3: using dtype=fp32 for rope new
INFO dinov3: using mlp layer as FFN
INFO preprocessing.run_vggt: Loading VGGT-Omega on cuda:0 from 'checkpoints/vggt_omega/vggt_omega_1b_512.pt' …
INFO preprocessing.run_vggt: Loading VGGT-Omega on cuda:1 from 'checkpoints/vggt_omega/vggt_omega_1b_512.pt' …
INFO dinov3: using base=100 for rope new
INFO dinov3: using min_period=None for rope new
INFO dinov3: using max_period=None for rope new
INFO dinov3: using normalize_coords=max for rope new
INFO dinov3: using shift_coords=None for rope new
INFO dinov3: using rescale_coords=None for rope new
INFO dinov3: using jitter_coords=None for rope new
INFO dinov3: using dtype=fp32 for rope new
INFO dinov3: using base=100 for rope new
INFO dinov3: using min_period=None for rope new
INFO dinov3: using max_period=None for rope new
INFO dinov3: using normalize_coords=max for rope new
INFO dinov3: using shift_coords=None for rope new
INFO dinov3: using rescale_coords=None for rope new
INFO dinov3: using mlp layer as FFN
INFO dinov3: using jitter_coords=None for rope new
INFO dinov3: using dtype=fp32 for rope new
INFO dinov3: using mlp layer as FFN
INFO preprocessing.run_vggt: Loading VGGT-Omega on cuda:3 from 'checkpoints/vggt_omega/vggt_omega_1b_512.pt' …
INFO dinov3: using base=100 for rope new
INFO dinov3: using min_period=None for rope new
INFO dinov3: using max_period=None for rope new
INFO dinov3: using normalize_coords=max for rope new
INFO dinov3: using shift_coords=None for rope new
INFO dinov3: using rescale_coords=None for rope new
INFO dinov3: using jitter_coords=None for rope new
INFO dinov3: using dtype=fp32 for rope new
INFO dinov3: using mlp layer as FFN
INFO preprocessing.run_vggt: VGGT-Omega ready.
INFO preprocessing.run_vggt: VGGT-Omega ready.
INFO preprocessing.run_vggt: VGGT-Omega ready.
INFO preprocessing.run_vggt: VGGT-Omega ready.
/users/tnanni/ghost/preprocessing/run_vggt.py:224: UserWarning: Found images with different shapes: {(448, 592), (432, 592), (432, 608)}; padding to a common size.
  sample = load_and_preprocess_images(present, image_resolution=self.resolution)
INFO preprocessing.run_vggt:   VGGT-Omega output resolution: 448×608
/users/tnanni/ghost/preprocessing/run_vggt.py:224: UserWarning: Found images with different shapes: {(448, 592), (432, 592), (432, 608)}; padding to a common size.
  sample = load_and_preprocess_images(present, image_resolution=self.resolution)
/users/tnanni/ghost/preprocessing/run_vggt.py:224: UserWarning: Found images with different shapes: {(448, 592), (432, 592), (432, 608)}; padding to a common size.
  sample = load_and_preprocess_images(present, image_resolution=self.resolution)
INFO preprocessing.run_vggt:   VGGT-Omega output resolution: 448×608
INFO preprocessing.run_vggt:   VGGT-Omega output resolution: 448×608
/users/tnanni/ghost/preprocessing/run_vggt.py:224: UserWarning: Found images with different shapes: {(448, 592), (432, 592), (432, 608)}; padding to a common size.
  sample = load_and_preprocess_images(present, image_resolution=self.resolution)
INFO preprocessing.run_vggt:   VGGT-Omega output resolution: 448×608
/users/tnanni/ghost/preprocessing/run_vggt.py:172: UserWarning: Found images with different shapes: {(448, 592), (432, 592), (432, 608)}; padding to a common size.
  images = load_and_preprocess_images(
/users/tnanni/ghost/preprocessing/run_vggt.py:172: UserWarning: Found images with different shapes: {(448, 592), (432, 592), (432, 608)}; padding to a common size.
  images = load_and_preprocess_images(
/users/tnanni/ghost/preprocessing/run_vggt.py:172: UserWarning: Found images with different shapes: {(448, 592), (432, 592), (432, 608)}; padding to a common size.
  images = load_and_preprocess_images(
/users/tnanni/ghost/preprocessing/run_vggt.py:172: UserWarning: Found images with different shapes: {(448, 592), (432, 592), (432, 608)}; padding to a common size.
  images = load_and_preprocess_images(
INFO preprocessing.run_vggt:   [cuda:1] 20/59 frames done.
INFO preprocessing.run_vggt:   [cuda:0] 20/59 frames done.
INFO preprocessing.run_vggt:   [cuda:3] 20/58 frames done.
INFO preprocessing.run_vggt:   [cuda:2] 20/59 frames done.
INFO preprocessing.run_vggt:   [cuda:1] 40/59 frames done.
INFO preprocessing.run_vggt:   [cuda:0] 40/59 frames done.
INFO preprocessing.run_vggt:   [cuda:3] 40/58 frames done.
INFO preprocessing.run_vggt:   [cuda:2] 40/59 frames done.
INFO preprocessing.run_vggt:   [cuda:1] 59/59 frames done.
INFO preprocessing.run_vggt:   [cuda:3] 58/58 frames done.
INFO preprocessing.run_vggt:   [cuda:0] 59/59 frames done.
INFO preprocessing.run_vggt:   [cuda:2] 59/59 frames done.
INFO preprocessing.run_vggt: [rank 3] chunk saved → /tmp/tmptp4aj69t/chunk_03.npz
INFO preprocessing.run_vggt: [rank 0] chunk saved → /tmp/tmptp4aj69t/chunk_00.npz
INFO preprocessing.run_vggt: [rank 1] chunk saved → /tmp/tmptp4aj69t/chunk_01.npz
INFO preprocessing.run_vggt: [rank 2] chunk saved → /tmp/tmptp4aj69t/chunk_02.npz
INFO preprocessing.run_vggt: Saved cameras → /iopsstor/scratch/cscs/tnanni/ghost_outputs/rich_test_sync/Gym_011_dips3/trial0/vggt_cameras_centered.npz  extrinsics shape=(235, 4, 3, 4)
INFO preprocessing.run_vggt: Depth stats → valid_frames=235/235  nonzero_pixels=256040960  raw depth: min=0.2291 max=8.3281 mean=0.8824
INFO preprocessing.run_vggt: Saved depth   → /iopsstor/scratch/cscs/tnanni/ghost_outputs/rich_test_sync/Gym_011_dips3/trial0/vggt_depth_centered.npz  depth shape=(235, 4, 448, 608) dtype=uint16
INFO preprocessing.run_mapanything: trial0: T=235  K=4  MA=448×602
INFO preprocessing.run_mapanything: trial0: scale mean=8.0146  std=0.1605  nan_filled=0  time=31.5s
INFO __main__:   Built /iopsstor/scratch/cscs/tnanni/ghost_outputs/rich_test_sync/Gym_011_dips3/trial0  (sync_mae=0.00 frames)
INFO __main__: 
============================================================
Scene: Gym_011_dips4  cameras=['cam_00', 'cam_02', 'cam_04', 'cam_05']  sync persons=[1, 2]
INFO __main__: 
-- Trial 1/1 --
INFO __main__:   true shifts: {'cam_00': 0, 'cam_02': 36, 'cam_04': -19, 'cam_05': -24}  end_cuts: {'cam_00': 31, 'cam_02': 29, 'cam_04': 6, 'cam_05': 38}
INFO __main__:   shift_hat:   {'cam_00': 0, 'cam_02': 36, 'cam_04': -19, 'cam_05': -24}  |err|={'cam_00': 0, 'cam_02': 0, 'cam_04': 0, 'cam_05': 0}
INFO preprocessing.run_vggt: Loading VGGT-Omega on cuda:3 from 'checkpoints/vggt_omega/vggt_omega_1b_512.pt' …
INFO preprocessing.run_vggt: Loading VGGT-Omega on cuda:0 from 'checkpoints/vggt_omega/vggt_omega_1b_512.pt' …
INFO preprocessing.run_vggt: Loading VGGT-Omega on cuda:1 from 'checkpoints/vggt_omega/vggt_omega_1b_512.pt' …
INFO preprocessing.run_vggt: Loading VGGT-Omega on cuda:2 from 'checkpoints/vggt_omega/vggt_omega_1b_512.pt' …
INFO dinov3: using base=100 for rope new
INFO dinov3: using base=100 for rope new
INFO dinov3: using base=100 for rope new
INFO dinov3: using min_period=None for rope new
INFO dinov3: using base=100 for rope new
INFO dinov3: using max_period=None for rope new
INFO dinov3: using min_period=None for rope new
INFO dinov3: using min_period=None for rope new
INFO dinov3: using normalize_coords=max for rope new
INFO dinov3: using min_period=None for rope new
INFO dinov3: using max_period=None for rope new
INFO dinov3: using max_period=None for rope new
INFO dinov3: using max_period=None for rope new
INFO dinov3: using shift_coords=None for rope new
INFO dinov3: using normalize_coords=max for rope new
INFO dinov3: using rescale_coords=None for rope new
INFO dinov3: using normalize_coords=max for rope new
INFO dinov3: using normalize_coords=max for rope new
INFO dinov3: using shift_coords=None for rope new
INFO dinov3: using jitter_coords=None for rope new
INFO dinov3: using shift_coords=None for rope new
INFO dinov3: using shift_coords=None for rope new
INFO dinov3: using rescale_coords=None for rope new
INFO dinov3: using dtype=fp32 for rope new
INFO dinov3: using rescale_coords=None for rope new
INFO dinov3: using rescale_coords=None for rope new
INFO dinov3: using jitter_coords=None for rope new
INFO dinov3: using jitter_coords=None for rope new
INFO dinov3: using jitter_coords=None for rope new
INFO dinov3: using dtype=fp32 for rope new
INFO dinov3: using dtype=fp32 for rope new
INFO dinov3: using dtype=fp32 for rope new
INFO dinov3: using mlp layer as FFN
INFO dinov3: using mlp layer as FFN
INFO dinov3: using mlp layer as FFN
INFO dinov3: using mlp layer as FFN
INFO preprocessing.run_vggt: VGGT-Omega ready.
INFO preprocessing.run_vggt: VGGT-Omega ready.
INFO preprocessing.run_vggt: VGGT-Omega ready.
INFO preprocessing.run_vggt: VGGT-Omega ready.
/users/tnanni/ghost/preprocessing/run_vggt.py:224: UserWarning: Found images with different shapes: {(448, 592), (432, 608)}; padding to a common size.
  sample = load_and_preprocess_images(present, image_resolution=self.resolution)
/users/tnanni/ghost/preprocessing/run_vggt.py:224: UserWarning: Found images with different shapes: {(448, 592), (432, 608)}; padding to a common size.
  sample = load_and_preprocess_images(present, image_resolution=self.resolution)
INFO preprocessing.run_vggt:   VGGT-Omega output resolution: 448×608
INFO preprocessing.run_vggt:   VGGT-Omega output resolution: 448×608
/users/tnanni/ghost/preprocessing/run_vggt.py:224: UserWarning: Found images with different shapes: {(448, 592), (432, 608)}; padding to a common size.
  sample = load_and_preprocess_images(present, image_resolution=self.resolution)
INFO preprocessing.run_vggt:   VGGT-Omega output resolution: 448×608
/users/tnanni/ghost/preprocessing/run_vggt.py:224: UserWarning: Found images with different shapes: {(448, 592), (432, 608)}; padding to a common size.
  sample = load_and_preprocess_images(present, image_resolution=self.resolution)
INFO preprocessing.run_vggt:   VGGT-Omega output resolution: 448×608
/users/tnanni/ghost/preprocessing/run_vggt.py:172: UserWarning: Found images with different shapes: {(448, 592), (432, 608)}; padding to a common size.
  images = load_and_preprocess_images(
/users/tnanni/ghost/preprocessing/run_vggt.py:172: UserWarning: Found images with different shapes: {(448, 592), (432, 608)}; padding to a common size.
  images = load_and_preprocess_images(
/users/tnanni/ghost/preprocessing/run_vggt.py:172: UserWarning: Found images with different shapes: {(448, 592), (432, 608)}; padding to a common size.
  images = load_and_preprocess_images(
/users/tnanni/ghost/preprocessing/run_vggt.py:172: UserWarning: Found images with different shapes: {(448, 592), (432, 608)}; padding to a common size.
  images = load_and_preprocess_images(
INFO preprocessing.run_vggt:   [cuda:0] 20/99 frames done.
INFO preprocessing.run_vggt:   [cuda:1] 20/99 frames done.
INFO preprocessing.run_vggt:   [cuda:3] 20/99 frames done.
INFO preprocessing.run_vggt:   [cuda:2] 20/99 frames done.
INFO preprocessing.run_vggt:   [cuda:1] 40/99 frames done.
INFO preprocessing.run_vggt:   [cuda:0] 40/99 frames done.
INFO preprocessing.run_vggt:   [cuda:3] 40/99 frames done.
INFO preprocessing.run_vggt:   [cuda:2] 40/99 frames done.
INFO preprocessing.run_vggt:   [cuda:0] 60/99 frames done.
INFO preprocessing.run_vggt:   [cuda:1] 60/99 frames done.
INFO preprocessing.run_vggt:   [cuda:3] 60/99 frames done.
INFO preprocessing.run_vggt:   [cuda:2] 60/99 frames done.
INFO preprocessing.run_vggt:   [cuda:1] 80/99 frames done.
INFO preprocessing.run_vggt:   [cuda:0] 80/99 frames done.
INFO preprocessing.run_vggt:   [cuda:3] 80/99 frames done.
INFO preprocessing.run_vggt:   [cuda:2] 80/99 frames done.
INFO preprocessing.run_vggt:   [cuda:0] 99/99 frames done.
INFO preprocessing.run_vggt:   [cuda:1] 99/99 frames done.
INFO preprocessing.run_vggt:   [cuda:2] 99/99 frames done.
INFO preprocessing.run_vggt:   [cuda:3] 99/99 frames done.
INFO preprocessing.run_vggt: [rank 0] chunk saved → /tmp/tmpcq4ba3nh/chunk_00.npz
INFO preprocessing.run_vggt: [rank 2] chunk saved → /tmp/tmpcq4ba3nh/chunk_02.npz
INFO preprocessing.run_vggt: [rank 3] chunk saved → /tmp/tmpcq4ba3nh/chunk_03.npz
INFO preprocessing.run_vggt: [rank 1] chunk saved → /tmp/tmpcq4ba3nh/chunk_01.npz
INFO preprocessing.run_vggt: Saved cameras → /iopsstor/scratch/cscs/tnanni/ghost_outputs/rich_test_sync/Gym_011_dips4/trial0/vggt_cameras_centered.npz  extrinsics shape=(396, 4, 3, 4)
INFO preprocessing.run_vggt: Depth stats → valid_frames=396/396  nonzero_pixels=431456256  raw depth: min=0.2156 max=8.0000 mean=0.8727
INFO preprocessing.run_vggt: Saved depth   → /iopsstor/scratch/cscs/tnanni/ghost_outputs/rich_test_sync/Gym_011_dips4/trial0/vggt_depth_centered.npz  depth shape=(396, 4, 448, 608) dtype=uint16
INFO preprocessing.run_mapanything: trial0: T=396  K=4  MA=448×602
INFO preprocessing.run_mapanything: trial0: scale mean=8.7152  std=0.1015  nan_filled=0  time=49.5s
INFO __main__:   Built /iopsstor/scratch/cscs/tnanni/ghost_outputs/rich_test_sync/Gym_011_dips4/trial0  (sync_mae=0.00 frames)
INFO __main__: 
============================================================
Scene: Gym_011_pushup1  cameras=['cam_02', 'cam_03', 'cam_04', 'cam_05']  sync persons=[1]
INFO __main__: 
-- Trial 1/1 --
INFO __main__:   true shifts: {'cam_02': 0, 'cam_03': -27, 'cam_04': 28, 'cam_05': -45}  end_cuts: {'cam_02': 36, 'cam_03': 36, 'cam_04': 35, 'cam_05': 30}
INFO __main__:   shift_hat:   {'cam_02': 0, 'cam_03': -27, 'cam_04': 28, 'cam_05': -45}  |err|={'cam_02': 0, 'cam_03': 0, 'cam_04': 0, 'cam_05': 0}
INFO preprocessing.run_vggt: Loading VGGT-Omega on cuda:2 from 'checkpoints/vggt_omega/vggt_omega_1b_512.pt' …
INFO dinov3: using base=100 for rope new
INFO dinov3: using min_period=None for rope new
INFO dinov3: using max_period=None for rope new
INFO dinov3: using normalize_coords=max for rope new
INFO dinov3: using shift_coords=None for rope new
INFO dinov3: using rescale_coords=None for rope new
INFO dinov3: using jitter_coords=None for rope new
INFO dinov3: using dtype=fp32 for rope new
INFO dinov3: using mlp layer as FFN
INFO preprocessing.run_vggt: Loading VGGT-Omega on cuda:3 from 'checkpoints/vggt_omega/vggt_omega_1b_512.pt' …
INFO dinov3: using base=100 for rope new
INFO dinov3: using min_period=None for rope new
INFO dinov3: using max_period=None for rope new
INFO dinov3: using normalize_coords=max for rope new
INFO dinov3: using shift_coords=None for rope new
INFO dinov3: using rescale_coords=None for rope new
INFO dinov3: using jitter_coords=None for rope new
INFO dinov3: using dtype=fp32 for rope new
INFO dinov3: using mlp layer as FFN
INFO preprocessing.run_vggt: Loading VGGT-Omega on cuda:0 from 'checkpoints/vggt_omega/vggt_omega_1b_512.pt' …
INFO dinov3: using base=100 for rope new
INFO dinov3: using min_period=None for rope new
INFO dinov3: using max_period=None for rope new
INFO dinov3: using normalize_coords=max for rope new
INFO dinov3: using shift_coords=None for rope new
INFO dinov3: using rescale_coords=None for rope new
INFO dinov3: using jitter_coords=None for rope new
INFO dinov3: using dtype=fp32 for rope new
INFO dinov3: using mlp layer as FFN
INFO preprocessing.run_vggt: Loading VGGT-Omega on cuda:1 from 'checkpoints/vggt_omega/vggt_omega_1b_512.pt' …
INFO dinov3: using base=100 for rope new
INFO dinov3: using min_period=None for rope new
INFO dinov3: using max_period=None for rope new
INFO dinov3: using normalize_coords=max for rope new
INFO dinov3: using shift_coords=None for rope new
INFO dinov3: using rescale_coords=None for rope new
INFO dinov3: using jitter_coords=None for rope new
INFO dinov3: using dtype=fp32 for rope new
INFO dinov3: using mlp layer as FFN
INFO preprocessing.run_vggt: VGGT-Omega ready.
INFO preprocessing.run_vggt: VGGT-Omega ready.
INFO preprocessing.run_vggt: VGGT-Omega ready.
INFO preprocessing.run_vggt: VGGT-Omega ready.
/users/tnanni/ghost/preprocessing/run_vggt.py:224: UserWarning: Found images with different shapes: {(448, 592), (432, 592), (432, 608)}; padding to a common size.
  sample = load_and_preprocess_images(present, image_resolution=self.resolution)
INFO preprocessing.run_vggt:   VGGT-Omega output resolution: 448×608
/users/tnanni/ghost/preprocessing/run_vggt.py:224: UserWarning: Found images with different shapes: {(448, 592), (432, 592), (432, 608)}; padding to a common size.
  sample = load_and_preprocess_images(present, image_resolution=self.resolution)
INFO preprocessing.run_vggt:   VGGT-Omega output resolution: 448×608
/users/tnanni/ghost/preprocessing/run_vggt.py:224: UserWarning: Found images with different shapes: {(448, 592), (432, 592), (432, 608)}; padding to a common size.
  sample = load_and_preprocess_images(present, image_resolution=self.resolution)
/users/tnanni/ghost/preprocessing/run_vggt.py:224: UserWarning: Found images with different shapes: {(448, 592), (432, 592), (432, 608)}; padding to a common size.
  sample = load_and_preprocess_images(present, image_resolution=self.resolution)
INFO preprocessing.run_vggt:   VGGT-Omega output resolution: 448×608
INFO preprocessing.run_vggt:   VGGT-Omega output resolution: 448×608
/users/tnanni/ghost/preprocessing/run_vggt.py:172: UserWarning: Found images with different shapes: {(448, 592), (432, 592), (432, 608)}; padding to a common size.
  images = load_and_preprocess_images(
/users/tnanni/ghost/preprocessing/run_vggt.py:172: UserWarning: Found images with different shapes: {(448, 592), (432, 592), (432, 608)}; padding to a common size.
  images = load_and_preprocess_images(
/users/tnanni/ghost/preprocessing/run_vggt.py:172: UserWarning: Found images with different shapes: {(448, 592), (432, 592), (432, 608)}; padding to a common size.
  images = load_and_preprocess_images(
/users/tnanni/ghost/preprocessing/run_vggt.py:172: UserWarning: Found images with different shapes: {(448, 592), (432, 592), (432, 608)}; padding to a common size.
  images = load_and_preprocess_images(
INFO preprocessing.run_vggt:   [cuda:0] 20/60 frames done.
INFO preprocessing.run_vggt:   [cuda:3] 20/59 frames done.
INFO preprocessing.run_vggt:   [cuda:1] 20/59 frames done.
INFO preprocessing.run_vggt:   [cuda:2] 20/59 frames done.
INFO preprocessing.run_vggt:   [cuda:0] 40/60 frames done.
INFO preprocessing.run_vggt:   [cuda:3] 40/59 frames done.
INFO preprocessing.run_vggt:   [cuda:1] 40/59 frames done.
INFO preprocessing.run_vggt:   [cuda:2] 40/59 frames done.
INFO preprocessing.run_vggt:   [cuda:0] 60/60 frames done.
INFO preprocessing.run_vggt:   [cuda:3] 59/59 frames done.
INFO preprocessing.run_vggt:   [cuda:1] 59/59 frames done.
INFO preprocessing.run_vggt:   [cuda:2] 59/59 frames done.
INFO preprocessing.run_vggt: [rank 0] chunk saved → /tmp/tmpriqw1a2q/chunk_00.npz
INFO preprocessing.run_vggt: [rank 3] chunk saved → /tmp/tmpriqw1a2q/chunk_03.npz
INFO preprocessing.run_vggt: [rank 1] chunk saved → /tmp/tmpriqw1a2q/chunk_01.npz
INFO preprocessing.run_vggt: [rank 2] chunk saved → /tmp/tmpriqw1a2q/chunk_02.npz
INFO preprocessing.run_vggt: Saved cameras → /iopsstor/scratch/cscs/tnanni/ghost_outputs/rich_test_sync/Gym_011_pushup1/trial0/vggt_cameras_centered.npz  extrinsics shape=(237, 4, 3, 4)
INFO preprocessing.run_vggt: Depth stats → valid_frames=237/237  nonzero_pixels=258220032  raw depth: min=0.1808 max=2.9141 mean=0.7934
INFO preprocessing.run_vggt: Saved depth   → /iopsstor/scratch/cscs/tnanni/ghost_outputs/rich_test_sync/Gym_011_pushup1/trial0/vggt_depth_centered.npz  depth shape=(237, 4, 448, 608) dtype=uint16
INFO preprocessing.run_mapanything: trial0: T=237  K=4  MA=448×602
INFO preprocessing.run_mapanything: trial0: scale mean=8.5395  std=0.1056  nan_filled=0  time=29.4s
INFO __main__:   Built /iopsstor/scratch/cscs/tnanni/ghost_outputs/rich_test_sync/Gym_011_pushup1/trial0  (sync_mae=0.00 frames)
INFO __main__: 
============================================================
Scene: Gym_011_pushup2  cameras=['cam_02', 'cam_03', 'cam_04', 'cam_05']  sync persons=[1]
INFO __main__: 
-- Trial 1/1 --
INFO __main__:   true shifts: {'cam_02': 0, 'cam_03': -3, 'cam_04': 19, 'cam_05': -20}  end_cuts: {'cam_02': 35, 'cam_03': 25, 'cam_04': 21, 'cam_05': 23}
INFO __main__:   shift_hat:   {'cam_02': 0, 'cam_03': -3, 'cam_04': 19, 'cam_05': -20}  |err|={'cam_02': 0, 'cam_03': 0, 'cam_04': 0, 'cam_05': 0}
INFO preprocessing.run_vggt: Loading VGGT-Omega on cuda:2 from 'checkpoints/vggt_omega/vggt_omega_1b_512.pt' …
INFO preprocessing.run_vggt: Loading VGGT-Omega on cuda:0 from 'checkpoints/vggt_omega/vggt_omega_1b_512.pt' …
INFO preprocessing.run_vggt: Loading VGGT-Omega on cuda:3 from 'checkpoints/vggt_omega/vggt_omega_1b_512.pt' …
INFO preprocessing.run_vggt: Loading VGGT-Omega on cuda:1 from 'checkpoints/vggt_omega/vggt_omega_1b_512.pt' …
INFO dinov3: using base=100 for rope new
INFO dinov3: using min_period=None for rope new
INFO dinov3: using max_period=None for rope new
INFO dinov3: using normalize_coords=max for rope new
INFO dinov3: using shift_coords=None for rope new
INFO dinov3: using rescale_coords=None for rope new
INFO dinov3: using jitter_coords=None for rope new
INFO dinov3: using dtype=fp32 for rope new
INFO dinov3: using base=100 for rope new
INFO dinov3: using min_period=None for rope new
INFO dinov3: using max_period=None for rope new
INFO dinov3: using normalize_coords=max for rope new
INFO dinov3: using shift_coords=None for rope new
INFO dinov3: using rescale_coords=None for rope new
INFO dinov3: using jitter_coords=None for rope new
INFO dinov3: using dtype=fp32 for rope new
INFO dinov3: using mlp layer as FFN
INFO dinov3: using base=100 for rope new
INFO dinov3: using base=100 for rope new
INFO dinov3: using min_period=None for rope new
INFO dinov3: using min_period=None for rope new
INFO dinov3: using max_period=None for rope new
INFO dinov3: using max_period=None for rope new
INFO dinov3: using normalize_coords=max for rope new
INFO dinov3: using normalize_coords=max for rope new
INFO dinov3: using shift_coords=None for rope new
INFO dinov3: using shift_coords=None for rope new
INFO dinov3: using rescale_coords=None for rope new
INFO dinov3: using rescale_coords=None for rope new
INFO dinov3: using jitter_coords=None for rope new
INFO dinov3: using jitter_coords=None for rope new
INFO dinov3: using dtype=fp32 for rope new
INFO dinov3: using dtype=fp32 for rope new
INFO dinov3: using mlp layer as FFN
INFO dinov3: using mlp layer as FFN
INFO dinov3: using mlp layer as FFN
INFO preprocessing.run_vggt: VGGT-Omega ready.
INFO preprocessing.run_vggt: VGGT-Omega ready.
INFO preprocessing.run_vggt: VGGT-Omega ready.
INFO preprocessing.run_vggt: VGGT-Omega ready.
/users/tnanni/ghost/preprocessing/run_vggt.py:224: UserWarning: Found images with different shapes: {(448, 592), (432, 592), (432, 608)}; padding to a common size.
  sample = load_and_preprocess_images(present, image_resolution=self.resolution)
INFO preprocessing.run_vggt:   VGGT-Omega output resolution: 448×608
/users/tnanni/ghost/preprocessing/run_vggt.py:224: UserWarning: Found images with different shapes: {(448, 592), (432, 592), (432, 608)}; padding to a common size.
  sample = load_and_preprocess_images(present, image_resolution=self.resolution)
/users/tnanni/ghost/preprocessing/run_vggt.py:224: UserWarning: Found images with different shapes: {(448, 592), (432, 592), (432, 608)}; padding to a common size.
  sample = load_and_preprocess_images(present, image_resolution=self.resolution)
/users/tnanni/ghost/preprocessing/run_vggt.py:224: UserWarning: Found images with different shapes: {(448, 592), (432, 592), (432, 608)}; padding to a common size.
  sample = load_and_preprocess_images(present, image_resolution=self.resolution)
INFO preprocessing.run_vggt:   VGGT-Omega output resolution: 448×608
INFO preprocessing.run_vggt:   VGGT-Omega output resolution: 448×608
INFO preprocessing.run_vggt:   VGGT-Omega output resolution: 448×608
/users/tnanni/ghost/preprocessing/run_vggt.py:172: UserWarning: Found images with different shapes: {(448, 592), (432, 592), (432, 608)}; padding to a common size.
  images = load_and_preprocess_images(
/users/tnanni/ghost/preprocessing/run_vggt.py:172: UserWarning: Found images with different shapes: {(448, 592), (432, 592), (432, 608)}; padding to a common size.
  images = load_and_preprocess_images(
/users/tnanni/ghost/preprocessing/run_vggt.py:172: UserWarning: Found images with different shapes: {(448, 592), (432, 592), (432, 608)}; padding to a common size.
  images = load_and_preprocess_images(
/users/tnanni/ghost/preprocessing/run_vggt.py:172: UserWarning: Found images with different shapes: {(448, 592), (432, 592), (432, 608)}; padding to a common size.
  images = load_and_preprocess_images(
INFO preprocessing.run_vggt:   [cuda:0] 20/117 frames done.
INFO preprocessing.run_vggt:   [cuda:3] 20/116 frames done.
INFO preprocessing.run_vggt:   [cuda:1] 20/116 frames done.
INFO preprocessing.run_vggt:   [cuda:2] 20/116 frames done.
INFO preprocessing.run_vggt:   [cuda:0] 40/117 frames done.
INFO preprocessing.run_vggt:   [cuda:3] 40/116 frames done.
INFO preprocessing.run_vggt:   [cuda:1] 40/116 frames done.
INFO preprocessing.run_vggt:   [cuda:2] 40/116 frames done.
INFO preprocessing.run_vggt:   [cuda:0] 60/117 frames done.
INFO preprocessing.run_vggt:   [cuda:3] 60/116 frames done.
INFO preprocessing.run_vggt:   [cuda:1] 60/116 frames done.
INFO preprocessing.run_vggt:   [cuda:2] 60/116 frames done.
INFO preprocessing.run_vggt:   [cuda:0] 80/117 frames done.
INFO preprocessing.run_vggt:   [cuda:3] 80/116 frames done.
INFO preprocessing.run_vggt:   [cuda:1] 80/116 frames done.
INFO preprocessing.run_vggt:   [cuda:2] 80/116 frames done.
INFO preprocessing.run_vggt:   [cuda:0] 100/117 frames done.
INFO preprocessing.run_vggt:   [cuda:3] 100/116 frames done.
INFO preprocessing.run_vggt:   [cuda:1] 100/116 frames done.
INFO preprocessing.run_vggt:   [cuda:2] 100/116 frames done.
INFO preprocessing.run_vggt:   [cuda:0] 117/117 frames done.
INFO preprocessing.run_vggt:   [cuda:3] 116/116 frames done.
INFO preprocessing.run_vggt:   [cuda:1] 116/116 frames done.
INFO preprocessing.run_vggt:   [cuda:2] 116/116 frames done.
INFO preprocessing.run_vggt: [rank 0] chunk saved → /tmp/tmpfwchyks2/chunk_00.npz
INFO preprocessing.run_vggt: [rank 2] chunk saved → /tmp/tmpfwchyks2/chunk_02.npz
INFO preprocessing.run_vggt: [rank 1] chunk saved → /tmp/tmpfwchyks2/chunk_01.npz
INFO preprocessing.run_vggt: [rank 3] chunk saved → /tmp/tmpfwchyks2/chunk_03.npz
INFO preprocessing.run_vggt: Saved cameras → /iopsstor/scratch/cscs/tnanni/ghost_outputs/rich_test_sync/Gym_011_pushup2/trial0/vggt_cameras_centered.npz  extrinsics shape=(465, 4, 3, 4)
INFO preprocessing.run_vggt: Depth stats → valid_frames=465/465  nonzero_pixels=506634240  raw depth: min=0.1812 max=3.0117 mean=0.7899
INFO preprocessing.run_vggt: Saved depth   → /iopsstor/scratch/cscs/tnanni/ghost_outputs/rich_test_sync/Gym_011_pushup2/trial0/vggt_depth_centered.npz  depth shape=(465, 4, 448, 608) dtype=uint16
INFO preprocessing.run_mapanything: trial0: T=465  K=4  MA=448×602
INFO preprocessing.run_mapanything: trial0: scale mean=8.5473  std=0.0882  nan_filled=0  time=57.6s
INFO __main__:   Built /iopsstor/scratch/cscs/tnanni/ghost_outputs/rich_test_sync/Gym_011_pushup2/trial0  (sync_mae=0.00 frames)
WARNING __main__: Gym_012_cooking2: dropping camera(s) with no centered-crop images (no calibration): ['cam_10']
INFO __main__: 
============================================================
Scene: Gym_012_cooking2  cameras=['cam_03', 'cam_04', 'cam_05']  sync persons=[1]
INFO __main__: 
-- Trial 1/1 --
INFO __main__:   true shifts: {'cam_03': 0, 'cam_04': 6, 'cam_05': -42}  end_cuts: {'cam_03': 6, 'cam_04': 11, 'cam_05': 5}
INFO __main__:   shift_hat:   {'cam_03': 0, 'cam_04': 7, 'cam_05': -41}  |err|={'cam_03': 0, 'cam_04': 1, 'cam_05': 1}
INFO preprocessing.run_vggt: Loading VGGT-Omega on cuda:3 from 'checkpoints/vggt_omega/vggt_omega_1b_512.pt' …
INFO dinov3: using base=100 for rope new
INFO dinov3: using min_period=None for rope new
INFO dinov3: using max_period=None for rope new
INFO dinov3: using normalize_coords=max for rope new
INFO dinov3: using shift_coords=None for rope new
INFO dinov3: using rescale_coords=None for rope new
INFO dinov3: using jitter_coords=None for rope new
INFO dinov3: using dtype=fp32 for rope new
INFO dinov3: using mlp layer as FFN
INFO preprocessing.run_vggt: Loading VGGT-Omega on cuda:2 from 'checkpoints/vggt_omega/vggt_omega_1b_512.pt' …
INFO preprocessing.run_vggt: Loading VGGT-Omega on cuda:0 from 'checkpoints/vggt_omega/vggt_omega_1b_512.pt' …
INFO dinov3: using base=100 for rope new
INFO dinov3: using min_period=None for rope new
INFO dinov3: using max_period=None for rope new
INFO dinov3: using normalize_coords=max for rope new
INFO dinov3: using shift_coords=None for rope new
INFO dinov3: using rescale_coords=None for rope new
INFO dinov3: using jitter_coords=None for rope new
INFO dinov3: using dtype=fp32 for rope new
INFO dinov3: using mlp layer as FFN
INFO dinov3: using base=100 for rope new
INFO dinov3: using min_period=None for rope new
INFO dinov3: using max_period=None for rope new
INFO dinov3: using normalize_coords=max for rope new
INFO dinov3: using shift_coords=None for rope new
INFO dinov3: using rescale_coords=None for rope new
INFO dinov3: using jitter_coords=None for rope new
INFO dinov3: using dtype=fp32 for rope new
INFO dinov3: using mlp layer as FFN
INFO preprocessing.run_vggt: Loading VGGT-Omega on cuda:1 from 'checkpoints/vggt_omega/vggt_omega_1b_512.pt' …
INFO dinov3: using base=100 for rope new
INFO dinov3: using min_period=None for rope new
INFO dinov3: using max_period=None for rope new
INFO dinov3: using normalize_coords=max for rope new
INFO dinov3: using shift_coords=None for rope new
INFO dinov3: using rescale_coords=None for rope new
INFO dinov3: using jitter_coords=None for rope new
INFO dinov3: using dtype=fp32 for rope new
INFO dinov3: using mlp layer as FFN
INFO preprocessing.run_vggt: VGGT-Omega ready.
INFO preprocessing.run_vggt: VGGT-Omega ready.
INFO preprocessing.run_vggt: VGGT-Omega ready.
INFO preprocessing.run_vggt: VGGT-Omega ready.
/users/tnanni/ghost/preprocessing/run_vggt.py:224: UserWarning: Found images with different shapes: {(432, 592), (448, 592), (432, 608)}; padding to a common size.
  sample = load_and_preprocess_images(present, image_resolution=self.resolution)
INFO preprocessing.run_vggt:   VGGT-Omega output resolution: 448×608
/users/tnanni/ghost/preprocessing/run_vggt.py:224: UserWarning: Found images with different shapes: {(432, 592), (448, 592), (432, 608)}; padding to a common size.
  sample = load_and_preprocess_images(present, image_resolution=self.resolution)
INFO preprocessing.run_vggt:   VGGT-Omega output resolution: 448×608
/users/tnanni/ghost/preprocessing/run_vggt.py:224: UserWarning: Found images with different shapes: {(432, 592), (448, 592), (432, 608)}; padding to a common size.
  sample = load_and_preprocess_images(present, image_resolution=self.resolution)
INFO preprocessing.run_vggt:   VGGT-Omega output resolution: 448×608
/users/tnanni/ghost/preprocessing/run_vggt.py:224: UserWarning: Found images with different shapes: {(432, 592), (448, 592), (432, 608)}; padding to a common size.
  sample = load_and_preprocess_images(present, image_resolution=self.resolution)
INFO preprocessing.run_vggt:   VGGT-Omega output resolution: 448×608
/users/tnanni/ghost/preprocessing/run_vggt.py:172: UserWarning: Found images with different shapes: {(432, 592), (448, 592), (432, 608)}; padding to a common size.
  images = load_and_preprocess_images(
/users/tnanni/ghost/preprocessing/run_vggt.py:172: UserWarning: Found images with different shapes: {(432, 592), (448, 592), (432, 608)}; padding to a common size.
  images = load_and_preprocess_images(
/users/tnanni/ghost/preprocessing/run_vggt.py:172: UserWarning: Found images with different shapes: {(432, 592), (448, 592), (432, 608)}; padding to a common size.
  images = load_and_preprocess_images(
/users/tnanni/ghost/preprocessing/run_vggt.py:172: UserWarning: Found images with different shapes: {(432, 592), (448, 592), (432, 608)}; padding to a common size.
  images = load_and_preprocess_images(
INFO preprocessing.run_vggt:   [cuda:1] 20/234 frames done.
INFO preprocessing.run_vggt:   [cuda:3] 20/233 frames done.
INFO preprocessing.run_vggt:   [cuda:2] 20/233 frames done.
INFO preprocessing.run_vggt:   [cuda:0] 20/234 frames done.
INFO preprocessing.run_vggt:   [cuda:1] 40/234 frames done.
INFO preprocessing.run_vggt:   [cuda:3] 40/233 frames done.
INFO preprocessing.run_vggt:   [cuda:2] 40/233 frames done.
INFO preprocessing.run_vggt:   [cuda:0] 40/234 frames done.
INFO preprocessing.run_vggt:   [cuda:1] 60/234 frames done.
INFO preprocessing.run_vggt:   [cuda:3] 60/233 frames done.
INFO preprocessing.run_vggt:   [cuda:2] 60/233 frames done.
INFO preprocessing.run_vggt:   [cuda:0] 60/234 frames done.
INFO preprocessing.run_vggt:   [cuda:3] 80/233 frames done.
INFO preprocessing.run_vggt:   [cuda:1] 80/234 frames done.
INFO preprocessing.run_vggt:   [cuda:0] 80/234 frames done.
INFO preprocessing.run_vggt:   [cuda:2] 80/233 frames done.
INFO preprocessing.run_vggt:   [cuda:3] 100/233 frames done.
INFO preprocessing.run_vggt:   [cuda:1] 100/234 frames done.
INFO preprocessing.run_vggt:   [cuda:0] 100/234 frames done.
INFO preprocessing.run_vggt:   [cuda:2] 100/233 frames done.
INFO preprocessing.run_vggt:   [cuda:3] 120/233 frames done.
INFO preprocessing.run_vggt:   [cuda:1] 120/234 frames done.
INFO preprocessing.run_vggt:   [cuda:0] 120/234 frames done.
INFO preprocessing.run_vggt:   [cuda:2] 120/233 frames done.
INFO preprocessing.run_vggt:   [cuda:3] 140/233 frames done.
INFO preprocessing.run_vggt:   [cuda:1] 140/234 frames done.
INFO preprocessing.run_vggt:   [cuda:2] 140/233 frames done.
INFO preprocessing.run_vggt:   [cuda:0] 140/234 frames done.
INFO preprocessing.run_vggt:   [cuda:3] 160/233 frames done.
INFO preprocessing.run_vggt:   [cuda:1] 160/234 frames done.
INFO preprocessing.run_vggt:   [cuda:2] 160/233 frames done.
INFO preprocessing.run_vggt:   [cuda:0] 160/234 frames done.
INFO preprocessing.run_vggt:   [cuda:3] 180/233 frames done.
INFO preprocessing.run_vggt:   [cuda:1] 180/234 frames done.
INFO preprocessing.run_vggt:   [cuda:0] 180/234 frames done.
INFO preprocessing.run_vggt:   [cuda:2] 180/233 frames done.
INFO preprocessing.run_vggt:   [cuda:3] 200/233 frames done.
INFO preprocessing.run_vggt:   [cuda:1] 200/234 frames done.
INFO preprocessing.run_vggt:   [cuda:0] 200/234 frames done.
INFO preprocessing.run_vggt:   [cuda:2] 200/233 frames done.
INFO preprocessing.run_vggt:   [cuda:3] 220/233 frames done.
INFO preprocessing.run_vggt:   [cuda:1] 220/234 frames done.
INFO preprocessing.run_vggt:   [cuda:0] 220/234 frames done.
INFO preprocessing.run_vggt:   [cuda:2] 220/233 frames done.
INFO preprocessing.run_vggt:   [cuda:3] 233/233 frames done.
INFO preprocessing.run_vggt:   [cuda:1] 234/234 frames done.
INFO preprocessing.run_vggt:   [cuda:2] 233/233 frames done.
INFO preprocessing.run_vggt:   [cuda:0] 234/234 frames done.
INFO preprocessing.run_vggt: [rank 3] chunk saved → /tmp/tmp3ridj6na/chunk_03.npz
INFO preprocessing.run_vggt: [rank 1] chunk saved → /tmp/tmp3ridj6na/chunk_01.npz
INFO preprocessing.run_vggt: [rank 2] chunk saved → /tmp/tmp3ridj6na/chunk_02.npz
INFO preprocessing.run_vggt: [rank 0] chunk saved → /tmp/tmp3ridj6na/chunk_00.npz
INFO preprocessing.run_vggt: Saved cameras → /iopsstor/scratch/cscs/tnanni/ghost_outputs/rich_test_sync/Gym_012_cooking2/trial0/vggt_cameras_centered.npz  extrinsics shape=(934, 3, 3, 4)
INFO preprocessing.run_vggt: Depth stats → valid_frames=934/934  nonzero_pixels=763219968  raw depth: min=0.2260 max=4.3086 mean=0.9827
INFO preprocessing.run_vggt: Saved depth   → /iopsstor/scratch/cscs/tnanni/ghost_outputs/rich_test_sync/Gym_012_cooking2/trial0/vggt_depth_centered.npz  depth shape=(934, 3, 448, 608) dtype=uint16
INFO preprocessing.run_mapanything: trial0: T=934  K=3  MA=448×602
INFO preprocessing.run_mapanything: trial0: scale mean=6.8064  std=0.1420  nan_filled=0  time=85.9s
INFO __main__:   Built /iopsstor/scratch/cscs/tnanni/ghost_outputs/rich_test_sync/Gym_012_cooking2/trial0  (sync_mae=0.67 frames)
INFO __main__: 
============================================================
Scene: Gym_012_lunge1  cameras=['cam_00', 'cam_03', 'cam_04', 'cam_05']  sync persons=[1]
INFO __main__: 
-- Trial 1/1 --
INFO __main__:   true shifts: {'cam_00': 0, 'cam_03': -5, 'cam_04': 15, 'cam_05': 14}  end_cuts: {'cam_00': 21, 'cam_03': 39, 'cam_04': 26, 'cam_05': 3}
INFO __main__:   shift_hat:   {'cam_00': 0, 'cam_03': -5, 'cam_04': 15, 'cam_05': 14}  |err|={'cam_00': 0, 'cam_03': 0, 'cam_04': 0, 'cam_05': 0}
INFO preprocessing.run_vggt: Loading VGGT-Omega on cuda:3 from 'checkpoints/vggt_omega/vggt_omega_1b_512.pt' …
INFO dinov3: using base=100 for rope new
INFO dinov3: using min_period=None for rope new
INFO dinov3: using max_period=None for rope new
INFO dinov3: using normalize_coords=max for rope new
INFO dinov3: using shift_coords=None for rope new
INFO dinov3: using rescale_coords=None for rope new
INFO dinov3: using jitter_coords=None for rope new
INFO dinov3: using dtype=fp32 for rope new
INFO dinov3: using mlp layer as FFN
INFO preprocessing.run_vggt: Loading VGGT-Omega on cuda:2 from 'checkpoints/vggt_omega/vggt_omega_1b_512.pt' …
INFO dinov3: using base=100 for rope new
INFO dinov3: using min_period=None for rope new
INFO dinov3: using max_period=None for rope new
INFO dinov3: using normalize_coords=max for rope new
INFO dinov3: using shift_coords=None for rope new
INFO dinov3: using rescale_coords=None for rope new
INFO dinov3: using jitter_coords=None for rope new
INFO dinov3: using dtype=fp32 for rope new
INFO dinov3: using mlp layer as FFN
INFO preprocessing.run_vggt: Loading VGGT-Omega on cuda:0 from 'checkpoints/vggt_omega/vggt_omega_1b_512.pt' …
INFO dinov3: using base=100 for rope new
INFO dinov3: using min_period=None for rope new
INFO dinov3: using max_period=None for rope new
INFO dinov3: using normalize_coords=max for rope new
INFO dinov3: using shift_coords=None for rope new
INFO dinov3: using rescale_coords=None for rope new
INFO dinov3: using jitter_coords=None for rope new
INFO dinov3: using dtype=fp32 for rope new
INFO dinov3: using mlp layer as FFN
INFO preprocessing.run_vggt: Loading VGGT-Omega on cuda:1 from 'checkpoints/vggt_omega/vggt_omega_1b_512.pt' …
INFO dinov3: using base=100 for rope new
INFO dinov3: using min_period=None for rope new
INFO dinov3: using max_period=None for rope new
INFO dinov3: using normalize_coords=max for rope new
INFO dinov3: using shift_coords=None for rope new
INFO dinov3: using rescale_coords=None for rope new
INFO dinov3: using jitter_coords=None for rope new
INFO dinov3: using dtype=fp32 for rope new
INFO dinov3: using mlp layer as FFN
INFO preprocessing.run_vggt: VGGT-Omega ready.
INFO preprocessing.run_vggt: VGGT-Omega ready.
INFO preprocessing.run_vggt: VGGT-Omega ready.
INFO preprocessing.run_vggt: VGGT-Omega ready.
/users/tnanni/ghost/preprocessing/run_vggt.py:224: UserWarning: Found images with different shapes: {(448, 592), (432, 592), (432, 608)}; padding to a common size.
  sample = load_and_preprocess_images(present, image_resolution=self.resolution)
INFO preprocessing.run_vggt:   VGGT-Omega output resolution: 448×608
/users/tnanni/ghost/preprocessing/run_vggt.py:224: UserWarning: Found images with different shapes: {(448, 592), (432, 592), (432, 608)}; padding to a common size.
  sample = load_and_preprocess_images(present, image_resolution=self.resolution)
/users/tnanni/ghost/preprocessing/run_vggt.py:224: UserWarning: Found images with different shapes: {(448, 592), (432, 592), (432, 608)}; padding to a common size.
  sample = load_and_preprocess_images(present, image_resolution=self.resolution)
/users/tnanni/ghost/preprocessing/run_vggt.py:224: UserWarning: Found images with different shapes: {(448, 592), (432, 592), (432, 608)}; padding to a common size.
  sample = load_and_preprocess_images(present, image_resolution=self.resolution)
INFO preprocessing.run_vggt:   VGGT-Omega output resolution: 448×608
INFO preprocessing.run_vggt:   VGGT-Omega output resolution: 448×608
INFO preprocessing.run_vggt:   VGGT-Omega output resolution: 448×608
/users/tnanni/ghost/preprocessing/run_vggt.py:172: UserWarning: Found images with different shapes: {(448, 592), (432, 592), (432, 608)}; padding to a common size.
  images = load_and_preprocess_images(
/users/tnanni/ghost/preprocessing/run_vggt.py:172: UserWarning: Found images with different shapes: {(448, 592), (432, 592), (432, 608)}; padding to a common size.
  images = load_and_preprocess_images(
/users/tnanni/ghost/preprocessing/run_vggt.py:172: UserWarning: Found images with different shapes: {(448, 592), (432, 592), (432, 608)}; padding to a common size.
  images = load_and_preprocess_images(
/users/tnanni/ghost/preprocessing/run_vggt.py:172: UserWarning: Found images with different shapes: {(448, 592), (432, 592), (432, 608)}; padding to a common size.
  images = load_and_preprocess_images(
INFO preprocessing.run_vggt:   [cuda:0] 20/42 frames done.
INFO preprocessing.run_vggt:   [cuda:1] 20/41 frames done.
INFO preprocessing.run_vggt:   [cuda:3] 20/41 frames done.
INFO preprocessing.run_vggt:   [cuda:2] 20/41 frames done.
INFO preprocessing.run_vggt:   [cuda:0] 40/42 frames done.
INFO preprocessing.run_vggt:   [cuda:1] 40/41 frames done.
INFO preprocessing.run_vggt:   [cuda:2] 40/41 frames done.
INFO preprocessing.run_vggt:   [cuda:3] 40/41 frames done.
INFO preprocessing.run_vggt:   [cuda:1] 41/41 frames done.
INFO preprocessing.run_vggt:   [cuda:2] 41/41 frames done.
INFO preprocessing.run_vggt:   [cuda:0] 42/42 frames done.
INFO preprocessing.run_vggt:   [cuda:3] 41/41 frames done.
INFO preprocessing.run_vggt: [rank 1] chunk saved → /tmp/tmpki_h918n/chunk_01.npz
INFO preprocessing.run_vggt: [rank 2] chunk saved → /tmp/tmpki_h918n/chunk_02.npz
INFO preprocessing.run_vggt: [rank 3] chunk saved → /tmp/tmpki_h918n/chunk_03.npz
INFO preprocessing.run_vggt: [rank 0] chunk saved → /tmp/tmpki_h918n/chunk_00.npz
INFO preprocessing.run_vggt: Saved cameras → /iopsstor/scratch/cscs/tnanni/ghost_outputs/rich_test_sync/Gym_012_lunge1/trial0/vggt_cameras_centered.npz  extrinsics shape=(165, 4, 3, 4)
INFO preprocessing.run_vggt: Depth stats → valid_frames=165/165  nonzero_pixels=179773440  raw depth: min=0.2260 max=8.3438 mean=0.8663
INFO preprocessing.run_vggt: Saved depth   → /iopsstor/scratch/cscs/tnanni/ghost_outputs/rich_test_sync/Gym_012_lunge1/trial0/vggt_depth_centered.npz  depth shape=(165, 4, 448, 608) dtype=uint16
INFO preprocessing.run_mapanything: trial0: T=165  K=4  MA=448×602
INFO preprocessing.run_mapanything: trial0: scale mean=8.7928  std=0.1340  nan_filled=0  time=20.5s
INFO __main__:   Built /iopsstor/scratch/cscs/tnanni/ghost_outputs/rich_test_sync/Gym_012_lunge1/trial0  (sync_mae=0.00 frames)
INFO __main__: 
============================================================
Scene: Gym_012_lunge2  cameras=['cam_00', 'cam_04', 'cam_05', 'cam_06']  sync persons=[1]
INFO __main__: 
-- Trial 1/1 --
INFO __main__:   true shifts: {'cam_00': 0, 'cam_04': 24, 'cam_05': 7, 'cam_06': 12}  end_cuts: {'cam_00': 26, 'cam_04': 25, 'cam_05': 4, 'cam_06': 25}
INFO __main__:   shift_hat:   {'cam_00': 0, 'cam_04': 24, 'cam_05': 7, 'cam_06': 12}  |err|={'cam_00': 0, 'cam_04': 0, 'cam_05': 0, 'cam_06': 0}
INFO preprocessing.run_vggt: Loading VGGT-Omega on cuda:2 from 'checkpoints/vggt_omega/vggt_omega_1b_512.pt' …
INFO preprocessing.run_vggt: Loading VGGT-Omega on cuda:0 from 'checkpoints/vggt_omega/vggt_omega_1b_512.pt' …
INFO dinov3: using base=100 for rope new
INFO dinov3: using min_period=None for rope new
INFO dinov3: using max_period=None for rope new
INFO dinov3: using normalize_coords=max for rope new
INFO dinov3: using shift_coords=None for rope new
INFO dinov3: using rescale_coords=None for rope new
INFO dinov3: using jitter_coords=None for rope new
INFO dinov3: using dtype=fp32 for rope new
INFO dinov3: using mlp layer as FFN
INFO dinov3: using base=100 for rope new
INFO dinov3: using min_period=None for rope new
INFO dinov3: using max_period=None for rope new
INFO dinov3: using normalize_coords=max for rope new
INFO dinov3: using shift_coords=None for rope new
INFO dinov3: using rescale_coords=None for rope new
INFO dinov3: using jitter_coords=None for rope new
INFO dinov3: using dtype=fp32 for rope new
INFO dinov3: using mlp layer as FFN
INFO preprocessing.run_vggt: Loading VGGT-Omega on cuda:1 from 'checkpoints/vggt_omega/vggt_omega_1b_512.pt' …
INFO dinov3: using base=100 for rope new
INFO dinov3: using min_period=None for rope new
INFO dinov3: using max_period=None for rope new
INFO dinov3: using normalize_coords=max for rope new
INFO dinov3: using shift_coords=None for rope new
INFO dinov3: using rescale_coords=None for rope new
INFO dinov3: using jitter_coords=None for rope new
INFO dinov3: using dtype=fp32 for rope new
INFO dinov3: using mlp layer as FFN
INFO preprocessing.run_vggt: Loading VGGT-Omega on cuda:3 from 'checkpoints/vggt_omega/vggt_omega_1b_512.pt' …
INFO dinov3: using base=100 for rope new
INFO dinov3: using min_period=None for rope new
INFO dinov3: using max_period=None for rope new
INFO dinov3: using normalize_coords=max for rope new
INFO dinov3: using shift_coords=None for rope new
INFO dinov3: using rescale_coords=None for rope new
INFO dinov3: using jitter_coords=None for rope new
INFO dinov3: using dtype=fp32 for rope new
INFO dinov3: using mlp layer as FFN
INFO preprocessing.run_vggt: VGGT-Omega ready.
INFO preprocessing.run_vggt: VGGT-Omega ready.
INFO preprocessing.run_vggt: VGGT-Omega ready.
INFO preprocessing.run_vggt: VGGT-Omega ready.
/users/tnanni/ghost/preprocessing/run_vggt.py:224: UserWarning: Found images with different shapes: {(448, 592), (432, 608)}; padding to a common size.
  sample = load_and_preprocess_images(present, image_resolution=self.resolution)
INFO preprocessing.run_vggt:   VGGT-Omega output resolution: 448×608
/users/tnanni/ghost/preprocessing/run_vggt.py:224: UserWarning: Found images with different shapes: {(448, 592), (432, 608)}; padding to a common size.
  sample = load_and_preprocess_images(present, image_resolution=self.resolution)
INFO preprocessing.run_vggt:   VGGT-Omega output resolution: 448×608
/users/tnanni/ghost/preprocessing/run_vggt.py:224: UserWarning: Found images with different shapes: {(448, 592), (432, 608)}; padding to a common size.
  sample = load_and_preprocess_images(present, image_resolution=self.resolution)
INFO preprocessing.run_vggt:   VGGT-Omega output resolution: 448×608
/users/tnanni/ghost/preprocessing/run_vggt.py:224: UserWarning: Found images with different shapes: {(448, 592), (432, 608)}; padding to a common size.
  sample = load_and_preprocess_images(present, image_resolution=self.resolution)
INFO preprocessing.run_vggt:   VGGT-Omega output resolution: 448×608
/users/tnanni/ghost/preprocessing/run_vggt.py:172: UserWarning: Found images with different shapes: {(448, 592), (432, 608)}; padding to a common size.
  images = load_and_preprocess_images(
/users/tnanni/ghost/preprocessing/run_vggt.py:172: UserWarning: Found images with different shapes: {(448, 592), (432, 608)}; padding to a common size.
  images = load_and_preprocess_images(
/users/tnanni/ghost/preprocessing/run_vggt.py:172: UserWarning: Found images with different shapes: {(448, 592), (432, 608)}; padding to a common size.
  images = load_and_preprocess_images(
/users/tnanni/ghost/preprocessing/run_vggt.py:172: UserWarning: Found images with different shapes: {(448, 592), (432, 608)}; padding to a common size.
  images = load_and_preprocess_images(
INFO preprocessing.run_vggt:   [cuda:0] 20/67 frames done.
INFO preprocessing.run_vggt:   [cuda:3] 20/66 frames done.
INFO preprocessing.run_vggt:   [cuda:1] 20/67 frames done.
INFO preprocessing.run_vggt:   [cuda:2] 20/67 frames done.
INFO preprocessing.run_vggt:   [cuda:0] 40/67 frames done.
INFO preprocessing.run_vggt:   [cuda:3] 40/66 frames done.
INFO preprocessing.run_vggt:   [cuda:1] 40/67 frames done.
INFO preprocessing.run_vggt:   [cuda:2] 40/67 frames done.
INFO preprocessing.run_vggt:   [cuda:0] 60/67 frames done.
INFO preprocessing.run_vggt:   [cuda:3] 60/66 frames done.
INFO preprocessing.run_vggt:   [cuda:1] 60/67 frames done.
INFO preprocessing.run_vggt:   [cuda:2] 60/67 frames done.
INFO preprocessing.run_vggt:   [cuda:0] 67/67 frames done.
INFO preprocessing.run_vggt:   [cuda:3] 66/66 frames done.
INFO preprocessing.run_vggt:   [cuda:1] 67/67 frames done.
INFO preprocessing.run_vggt:   [cuda:2] 67/67 frames done.
INFO preprocessing.run_vggt: [rank 3] chunk saved → /tmp/tmpmkr_ccx_/chunk_03.npz
INFO preprocessing.run_vggt: [rank 0] chunk saved → /tmp/tmpmkr_ccx_/chunk_00.npz
INFO preprocessing.run_vggt: [rank 1] chunk saved → /tmp/tmpmkr_ccx_/chunk_01.npz
INFO preprocessing.run_vggt: [rank 2] chunk saved → /tmp/tmpmkr_ccx_/chunk_02.npz
INFO preprocessing.run_vggt: Saved cameras → /iopsstor/scratch/cscs/tnanni/ghost_outputs/rich_test_sync/Gym_012_lunge2/trial0/vggt_cameras_centered.npz  extrinsics shape=(267, 4, 3, 4)
INFO preprocessing.run_vggt: Depth stats → valid_frames=267/267  nonzero_pixels=290906112  raw depth: min=0.2252 max=9.0234 mean=0.8653
INFO preprocessing.run_vggt: Saved depth   → /iopsstor/scratch/cscs/tnanni/ghost_outputs/rich_test_sync/Gym_012_lunge2/trial0/vggt_depth_centered.npz  depth shape=(267, 4, 448, 608) dtype=uint16
INFO preprocessing.run_mapanything: trial0: T=267  K=4  MA=448×602
INFO preprocessing.run_mapanything: trial0: scale mean=8.5660  std=0.1250  nan_filled=0  time=32.7s
INFO __main__:   Built /iopsstor/scratch/cscs/tnanni/ghost_outputs/rich_test_sync/Gym_012_lunge2/trial0  (sync_mae=0.00 frames)
INFO __main__: 
============================================================
Scene: Gym_012_pushup2  cameras=['cam_03', 'cam_04', 'cam_05', 'cam_06']  sync persons=[1]
INFO __main__: 
-- Trial 1/1 --
INFO __main__:   true shifts: {'cam_03': 0, 'cam_04': 27, 'cam_05': -18, 'cam_06': 9}  end_cuts: {'cam_03': 1, 'cam_04': 15, 'cam_05': 20, 'cam_06': 45}
INFO __main__:   shift_hat:   {'cam_03': 0, 'cam_04': 27, 'cam_05': -18, 'cam_06': 9}  |err|={'cam_03': 0, 'cam_04': 0, 'cam_05': 0, 'cam_06': 0}
INFO preprocessing.run_vggt: Loading VGGT-Omega on cuda:0 from 'checkpoints/vggt_omega/vggt_omega_1b_512.pt' …
INFO dinov3: using base=100 for rope new
INFO dinov3: using min_period=None for rope new
INFO dinov3: using max_period=None for rope new
INFO dinov3: using normalize_coords=max for rope new
INFO dinov3: using shift_coords=None for rope new
INFO dinov3: using rescale_coords=None for rope new
INFO dinov3: using jitter_coords=None for rope new
INFO dinov3: using dtype=fp32 for rope new
INFO dinov3: using mlp layer as FFN
INFO preprocessing.run_vggt: Loading VGGT-Omega on cuda:3 from 'checkpoints/vggt_omega/vggt_omega_1b_512.pt' …
INFO dinov3: using base=100 for rope new
INFO dinov3: using min_period=None for rope new
INFO dinov3: using max_period=None for rope new
INFO dinov3: using normalize_coords=max for rope new
INFO dinov3: using shift_coords=None for rope new
INFO dinov3: using rescale_coords=None for rope new
INFO dinov3: using jitter_coords=None for rope new
INFO dinov3: using dtype=fp32 for rope new
INFO dinov3: using mlp layer as FFN
INFO preprocessing.run_vggt: Loading VGGT-Omega on cuda:1 from 'checkpoints/vggt_omega/vggt_omega_1b_512.pt' …
INFO dinov3: using base=100 for rope new
INFO dinov3: using min_period=None for rope new
INFO dinov3: using max_period=None for rope new
INFO dinov3: using normalize_coords=max for rope new
INFO dinov3: using shift_coords=None for rope new
INFO dinov3: using rescale_coords=None for rope new
INFO dinov3: using jitter_coords=None for rope new
INFO dinov3: using dtype=fp32 for rope new
INFO dinov3: using mlp layer as FFN
INFO preprocessing.run_vggt: Loading VGGT-Omega on cuda:2 from 'checkpoints/vggt_omega/vggt_omega_1b_512.pt' …
INFO dinov3: using base=100 for rope new
INFO dinov3: using min_period=None for rope new
INFO dinov3: using max_period=None for rope new
INFO dinov3: using normalize_coords=max for rope new
INFO dinov3: using shift_coords=None for rope new
INFO dinov3: using rescale_coords=None for rope new
INFO dinov3: using jitter_coords=None for rope new
INFO dinov3: using dtype=fp32 for rope new
INFO dinov3: using mlp layer as FFN
INFO preprocessing.run_vggt: VGGT-Omega ready.
/users/tnanni/ghost/preprocessing/run_vggt.py:224: UserWarning: Found images with different shapes: {(432, 592), (448, 592), (432, 608)}; padding to a common size.
  sample = load_and_preprocess_images(present, image_resolution=self.resolution)
INFO preprocessing.run_vggt:   VGGT-Omega output resolution: 448×608
/users/tnanni/ghost/preprocessing/run_vggt.py:172: UserWarning: Found images with different shapes: {(432, 592), (448, 592), (432, 608)}; padding to a common size.
  images = load_and_preprocess_images(
INFO preprocessing.run_vggt: VGGT-Omega ready.
INFO preprocessing.run_vggt: VGGT-Omega ready.
INFO preprocessing.run_vggt: VGGT-Omega ready.
/users/tnanni/ghost/preprocessing/run_vggt.py:224: UserWarning: Found images with different shapes: {(432, 592), (448, 592), (432, 608)}; padding to a common size.
  sample = load_and_preprocess_images(present, image_resolution=self.resolution)
INFO preprocessing.run_vggt:   VGGT-Omega output resolution: 448×608
/users/tnanni/ghost/preprocessing/run_vggt.py:224: UserWarning: Found images with different shapes: {(432, 592), (448, 592), (432, 608)}; padding to a common size.
  sample = load_and_preprocess_images(present, image_resolution=self.resolution)
INFO preprocessing.run_vggt:   VGGT-Omega output resolution: 448×608
/users/tnanni/ghost/preprocessing/run_vggt.py:224: UserWarning: Found images with different shapes: {(432, 592), (448, 592), (432, 608)}; padding to a common size.
  sample = load_and_preprocess_images(present, image_resolution=self.resolution)
/users/tnanni/ghost/preprocessing/run_vggt.py:172: UserWarning: Found images with different shapes: {(432, 592), (448, 592), (432, 608)}; padding to a common size.
  images = load_and_preprocess_images(
INFO preprocessing.run_vggt:   VGGT-Omega output resolution: 448×608
/users/tnanni/ghost/preprocessing/run_vggt.py:172: UserWarning: Found images with different shapes: {(432, 592), (448, 592), (432, 608)}; padding to a common size.
  images = load_and_preprocess_images(
/users/tnanni/ghost/preprocessing/run_vggt.py:172: UserWarning: Found images with different shapes: {(432, 592), (448, 592), (432, 608)}; padding to a common size.
  images = load_and_preprocess_images(
INFO preprocessing.run_vggt:   [cuda:0] 20/51 frames done.
INFO preprocessing.run_vggt:   [cuda:1] 20/50 frames done.
INFO preprocessing.run_vggt:   [cuda:3] 20/50 frames done.
INFO preprocessing.run_vggt:   [cuda:2] 20/50 frames done.
INFO preprocessing.run_vggt:   [cuda:0] 40/51 frames done.
INFO preprocessing.run_vggt:   [cuda:2] 40/50 frames done.
INFO preprocessing.run_vggt:   [cuda:1] 40/50 frames done.
INFO preprocessing.run_vggt:   [cuda:3] 40/50 frames done.
INFO preprocessing.run_vggt:   [cuda:0] 51/51 frames done.
INFO preprocessing.run_vggt:   [cuda:1] 50/50 frames done.
INFO preprocessing.run_vggt:   [cuda:3] 50/50 frames done.
INFO preprocessing.run_vggt:   [cuda:2] 50/50 frames done.
INFO preprocessing.run_vggt: [rank 1] chunk saved → /tmp/tmpo1uppxez/chunk_01.npz
INFO preprocessing.run_vggt: [rank 2] chunk saved → /tmp/tmpo1uppxez/chunk_02.npz
INFO preprocessing.run_vggt: [rank 3] chunk saved → /tmp/tmpo1uppxez/chunk_03.npz
INFO preprocessing.run_vggt: [rank 0] chunk saved → /tmp/tmpo1uppxez/chunk_00.npz
INFO preprocessing.run_vggt: Saved cameras → /iopsstor/scratch/cscs/tnanni/ghost_outputs/rich_test_sync/Gym_012_pushup2/trial0/vggt_cameras_centered.npz  extrinsics shape=(201, 4, 3, 4)
INFO preprocessing.run_vggt: Depth stats → valid_frames=201/201  nonzero_pixels=218996736  raw depth: min=0.2556 max=3.8574 mean=0.9471
INFO preprocessing.run_vggt: Saved depth   → /iopsstor/scratch/cscs/tnanni/ghost_outputs/rich_test_sync/Gym_012_pushup2/trial0/vggt_depth_centered.npz  depth shape=(201, 4, 448, 608) dtype=uint16
INFO preprocessing.run_mapanything: trial0: T=201  K=4  MA=448×602
INFO preprocessing.run_mapanything: trial0: scale mean=6.8903  std=0.1596  nan_filled=0  time=24.9s
INFO __main__:   Built /iopsstor/scratch/cscs/tnanni/ghost_outputs/rich_test_sync/Gym_012_pushup2/trial0  (sync_mae=0.00 frames)
INFO __main__: 
============================================================
Scene: Gym_013_burpee4  cameras=['cam_00', 'cam_04', 'cam_05', 'cam_06']  sync persons=[1]
INFO __main__: 
-- Trial 1/1 --
INFO __main__:   true shifts: {'cam_00': 0, 'cam_04': -26, 'cam_05': -20, 'cam_06': -8}  end_cuts: {'cam_00': 45, 'cam_04': 39, 'cam_05': 1, 'cam_06': 10}
INFO __main__:   shift_hat:   {'cam_00': 0, 'cam_04': -26, 'cam_05': -20, 'cam_06': -8}  |err|={'cam_00': 0, 'cam_04': 0, 'cam_05': 0, 'cam_06': 0}
INFO preprocessing.run_vggt: Loading VGGT-Omega on cuda:1 from 'checkpoints/vggt_omega/vggt_omega_1b_512.pt' …
INFO dinov3: using base=100 for rope new
INFO dinov3: using min_period=None for rope new
INFO dinov3: using max_period=None for rope new
INFO dinov3: using normalize_coords=max for rope new
INFO dinov3: using shift_coords=None for rope new
INFO dinov3: using rescale_coords=None for rope new
INFO dinov3: using jitter_coords=None for rope new
INFO dinov3: using dtype=fp32 for rope new
INFO dinov3: using mlp layer as FFN
INFO preprocessing.run_vggt: Loading VGGT-Omega on cuda:2 from 'checkpoints/vggt_omega/vggt_omega_1b_512.pt' …
INFO preprocessing.run_vggt: Loading VGGT-Omega on cuda:3 from 'checkpoints/vggt_omega/vggt_omega_1b_512.pt' …
INFO dinov3: using base=100 for rope new
INFO dinov3: using min_period=None for rope new
INFO dinov3: using max_period=None for rope new
INFO dinov3: using normalize_coords=max for rope new
INFO dinov3: using shift_coords=None for rope new
INFO dinov3: using rescale_coords=None for rope new
INFO dinov3: using jitter_coords=None for rope new
INFO dinov3: using dtype=fp32 for rope new
INFO dinov3: using mlp layer as FFN
INFO dinov3: using base=100 for rope new
INFO dinov3: using min_period=None for rope new
INFO dinov3: using max_period=None for rope new
INFO dinov3: using normalize_coords=max for rope new
INFO dinov3: using shift_coords=None for rope new
INFO dinov3: using rescale_coords=None for rope new
INFO dinov3: using jitter_coords=None for rope new
INFO dinov3: using dtype=fp32 for rope new
INFO dinov3: using mlp layer as FFN
INFO preprocessing.run_vggt: Loading VGGT-Omega on cuda:0 from 'checkpoints/vggt_omega/vggt_omega_1b_512.pt' …
INFO dinov3: using base=100 for rope new
INFO dinov3: using min_period=None for rope new
INFO dinov3: using max_period=None for rope new
INFO dinov3: using normalize_coords=max for rope new
INFO dinov3: using shift_coords=None for rope new
INFO dinov3: using rescale_coords=None for rope new
INFO dinov3: using jitter_coords=None for rope new
INFO dinov3: using dtype=fp32 for rope new
INFO dinov3: using mlp layer as FFN
INFO preprocessing.run_vggt: VGGT-Omega ready.
INFO preprocessing.run_vggt: VGGT-Omega ready.
INFO preprocessing.run_vggt: VGGT-Omega ready.
INFO preprocessing.run_vggt: VGGT-Omega ready.
/users/tnanni/ghost/preprocessing/run_vggt.py:224: UserWarning: Found images with different shapes: {(448, 592), (432, 608)}; padding to a common size.
  sample = load_and_preprocess_images(present, image_resolution=self.resolution)
INFO preprocessing.run_vggt:   VGGT-Omega output resolution: 448×608
/users/tnanni/ghost/preprocessing/run_vggt.py:224: UserWarning: Found images with different shapes: {(448, 592), (432, 608)}; padding to a common size.
  sample = load_and_preprocess_images(present, image_resolution=self.resolution)
INFO preprocessing.run_vggt:   VGGT-Omega output resolution: 448×608
/users/tnanni/ghost/preprocessing/run_vggt.py:224: UserWarning: Found images with different shapes: {(448, 592), (432, 608)}; padding to a common size.
  sample = load_and_preprocess_images(present, image_resolution=self.resolution)
/users/tnanni/ghost/preprocessing/run_vggt.py:224: UserWarning: Found images with different shapes: {(448, 592), (432, 608)}; padding to a common size.
  sample = load_and_preprocess_images(present, image_resolution=self.resolution)
INFO preprocessing.run_vggt:   VGGT-Omega output resolution: 448×608
INFO preprocessing.run_vggt:   VGGT-Omega output resolution: 448×608
/users/tnanni/ghost/preprocessing/run_vggt.py:172: UserWarning: Found images with different shapes: {(448, 592), (432, 608)}; padding to a common size.
  images = load_and_preprocess_images(
/users/tnanni/ghost/preprocessing/run_vggt.py:172: UserWarning: Found images with different shapes: {(448, 592), (432, 608)}; padding to a common size.
  images = load_and_preprocess_images(
/users/tnanni/ghost/preprocessing/run_vggt.py:172: UserWarning: Found images with different shapes: {(448, 592), (432, 608)}; padding to a common size.
  images = load_and_preprocess_images(
/users/tnanni/ghost/preprocessing/run_vggt.py:172: UserWarning: Found images with different shapes: {(448, 592), (432, 608)}; padding to a common size.
  images = load_and_preprocess_images(
INFO preprocessing.run_vggt:   [cuda:0] 20/63 frames done.
INFO preprocessing.run_vggt:   [cuda:3] 20/62 frames done.
INFO preprocessing.run_vggt:   [cuda:2] 20/62 frames done.
INFO preprocessing.run_vggt:   [cuda:1] 20/62 frames done.
INFO preprocessing.run_vggt:   [cuda:0] 40/63 frames done.
INFO preprocessing.run_vggt:   [cuda:3] 40/62 frames done.
INFO preprocessing.run_vggt:   [cuda:1] 40/62 frames done.
INFO preprocessing.run_vggt:   [cuda:2] 40/62 frames done.
INFO preprocessing.run_vggt:   [cuda:0] 60/63 frames done.
INFO preprocessing.run_vggt:   [cuda:3] 60/62 frames done.
INFO preprocessing.run_vggt:   [cuda:1] 60/62 frames done.
INFO preprocessing.run_vggt:   [cuda:2] 60/62 frames done.
INFO preprocessing.run_vggt:   [cuda:0] 63/63 frames done.
INFO preprocessing.run_vggt:   [cuda:3] 62/62 frames done.
INFO preprocessing.run_vggt:   [cuda:1] 62/62 frames done.
INFO preprocessing.run_vggt:   [cuda:2] 62/62 frames done.
INFO preprocessing.run_vggt: [rank 2] chunk saved → /tmp/tmpfo11l1xy/chunk_02.npz
INFO preprocessing.run_vggt: [rank 1] chunk saved → /tmp/tmpfo11l1xy/chunk_01.npz
INFO preprocessing.run_vggt: [rank 3] chunk saved → /tmp/tmpfo11l1xy/chunk_03.npz
INFO preprocessing.run_vggt: [rank 0] chunk saved → /tmp/tmpfo11l1xy/chunk_00.npz
INFO preprocessing.run_vggt: Saved cameras → /iopsstor/scratch/cscs/tnanni/ghost_outputs/rich_test_sync/Gym_013_burpee4/trial0/vggt_cameras_centered.npz  extrinsics shape=(249, 4, 3, 4)
INFO preprocessing.run_vggt: Depth stats → valid_frames=249/249  nonzero_pixels=271294464  raw depth: min=0.2225 max=9.2188 mean=0.8654
INFO preprocessing.run_vggt: Saved depth   → /iopsstor/scratch/cscs/tnanni/ghost_outputs/rich_test_sync/Gym_013_burpee4/trial0/vggt_depth_centered.npz  depth shape=(249, 4, 448, 608) dtype=uint16
INFO preprocessing.run_mapanything: trial0: T=249  K=4  MA=448×602
INFO preprocessing.run_mapanything: trial0: scale mean=8.1982  std=0.2443  nan_filled=0  time=30.8s
INFO __main__:   Built /iopsstor/scratch/cscs/tnanni/ghost_outputs/rich_test_sync/Gym_013_burpee4/trial0  (sync_mae=0.00 frames)
INFO __main__: 
============================================================
Scene: Gym_013_dips1  cameras=['cam_00', 'cam_03', 'cam_04', 'cam_05']  sync persons=[1]
INFO __main__: 
-- Trial 1/1 --
INFO __main__:   true shifts: {'cam_00': 0, 'cam_03': 29, 'cam_04': -40, 'cam_05': 32}  end_cuts: {'cam_00': 12, 'cam_03': 42, 'cam_04': 13, 'cam_05': 19}
INFO __main__:   shift_hat:   {'cam_00': 0, 'cam_03': 29, 'cam_04': -40, 'cam_05': 32}  |err|={'cam_00': 0, 'cam_03': 0, 'cam_04': 0, 'cam_05': 0}
INFO preprocessing.run_vggt: Loading VGGT-Omega on cuda:1 from 'checkpoints/vggt_omega/vggt_omega_1b_512.pt' …
INFO dinov3: using base=100 for rope new
INFO dinov3: using min_period=None for rope new
INFO dinov3: using max_period=None for rope new
INFO dinov3: using normalize_coords=max for rope new
INFO dinov3: using shift_coords=None for rope new
INFO dinov3: using rescale_coords=None for rope new
INFO dinov3: using jitter_coords=None for rope new
INFO dinov3: using dtype=fp32 for rope new
INFO dinov3: using mlp layer as FFN
INFO preprocessing.run_vggt: Loading VGGT-Omega on cuda:3 from 'checkpoints/vggt_omega/vggt_omega_1b_512.pt' …
INFO dinov3: using base=100 for rope new
INFO dinov3: using min_period=None for rope new
INFO dinov3: using max_period=None for rope new
INFO dinov3: using normalize_coords=max for rope new
INFO dinov3: using shift_coords=None for rope new
INFO dinov3: using rescale_coords=None for rope new
INFO dinov3: using jitter_coords=None for rope new
INFO dinov3: using dtype=fp32 for rope new
INFO dinov3: using mlp layer as FFN
INFO preprocessing.run_vggt: Loading VGGT-Omega on cuda:0 from 'checkpoints/vggt_omega/vggt_omega_1b_512.pt' …
INFO dinov3: using base=100 for rope new
INFO dinov3: using min_period=None for rope new
INFO dinov3: using max_period=None for rope new
INFO dinov3: using normalize_coords=max for rope new
INFO dinov3: using shift_coords=None for rope new
INFO dinov3: using rescale_coords=None for rope new
INFO dinov3: using jitter_coords=None for rope new
INFO dinov3: using dtype=fp32 for rope new
INFO dinov3: using mlp layer as FFN
INFO preprocessing.run_vggt: Loading VGGT-Omega on cuda:2 from 'checkpoints/vggt_omega/vggt_omega_1b_512.pt' …
INFO dinov3: using base=100 for rope new
INFO dinov3: using min_period=None for rope new
INFO dinov3: using max_period=None for rope new
INFO dinov3: using normalize_coords=max for rope new
INFO dinov3: using shift_coords=None for rope new
INFO dinov3: using rescale_coords=None for rope new
INFO dinov3: using jitter_coords=None for rope new
INFO dinov3: using dtype=fp32 for rope new
INFO dinov3: using mlp layer as FFN
INFO preprocessing.run_vggt: VGGT-Omega ready.
INFO preprocessing.run_vggt: VGGT-Omega ready.
INFO preprocessing.run_vggt: VGGT-Omega ready.
INFO preprocessing.run_vggt: VGGT-Omega ready.
/users/tnanni/ghost/preprocessing/run_vggt.py:224: UserWarning: Found images with different shapes: {(448, 592), (432, 592), (432, 608)}; padding to a common size.
  sample = load_and_preprocess_images(present, image_resolution=self.resolution)
INFO preprocessing.run_vggt:   VGGT-Omega output resolution: 448×608
/users/tnanni/ghost/preprocessing/run_vggt.py:224: UserWarning: Found images with different shapes: {(448, 592), (432, 592), (432, 608)}; padding to a common size.
  sample = load_and_preprocess_images(present, image_resolution=self.resolution)
INFO preprocessing.run_vggt:   VGGT-Omega output resolution: 448×608
/users/tnanni/ghost/preprocessing/run_vggt.py:224: UserWarning: Found images with different shapes: {(448, 592), (432, 592), (432, 608)}; padding to a common size.
  sample = load_and_preprocess_images(present, image_resolution=self.resolution)
INFO preprocessing.run_vggt:   VGGT-Omega output resolution: 448×608
/users/tnanni/ghost/preprocessing/run_vggt.py:224: UserWarning: Found images with different shapes: {(448, 592), (432, 592), (432, 608)}; padding to a common size.
  sample = load_and_preprocess_images(present, image_resolution=self.resolution)
INFO preprocessing.run_vggt:   VGGT-Omega output resolution: 448×608
/users/tnanni/ghost/preprocessing/run_vggt.py:172: UserWarning: Found images with different shapes: {(448, 592), (432, 592), (432, 608)}; padding to a common size.
  images = load_and_preprocess_images(
/users/tnanni/ghost/preprocessing/run_vggt.py:172: UserWarning: Found images with different shapes: {(448, 592), (432, 592), (432, 608)}; padding to a common size.
  images = load_and_preprocess_images(
/users/tnanni/ghost/preprocessing/run_vggt.py:172: UserWarning: Found images with different shapes: {(448, 592), (432, 592), (432, 608)}; padding to a common size.
  images = load_and_preprocess_images(
/users/tnanni/ghost/preprocessing/run_vggt.py:172: UserWarning: Found images with different shapes: {(448, 592), (432, 592), (432, 608)}; padding to a common size.
  images = load_and_preprocess_images(
INFO preprocessing.run_vggt:   [cuda:3] 20/97 frames done.
INFO preprocessing.run_vggt:   [cuda:2] 20/97 frames done.
INFO preprocessing.run_vggt:   [cuda:0] 20/98 frames done.
INFO preprocessing.run_vggt:   [cuda:1] 20/97 frames done.
INFO preprocessing.run_vggt:   [cuda:3] 40/97 frames done.
INFO preprocessing.run_vggt:   [cuda:2] 40/97 frames done.
INFO preprocessing.run_vggt:   [cuda:1] 40/97 frames done.
INFO preprocessing.run_vggt:   [cuda:0] 40/98 frames done.
INFO preprocessing.run_vggt:   [cuda:3] 60/97 frames done.
INFO preprocessing.run_vggt:   [cuda:2] 60/97 frames done.
INFO preprocessing.run_vggt:   [cuda:1] 60/97 frames done.
INFO preprocessing.run_vggt:   [cuda:0] 60/98 frames done.
INFO preprocessing.run_vggt:   [cuda:2] 80/97 frames done.
INFO preprocessing.run_vggt:   [cuda:3] 80/97 frames done.
INFO preprocessing.run_vggt:   [cuda:1] 80/97 frames done.
INFO preprocessing.run_vggt:   [cuda:0] 80/98 frames done.
INFO preprocessing.run_vggt:   [cuda:3] 97/97 frames done.
INFO preprocessing.run_vggt:   [cuda:2] 97/97 frames done.
INFO preprocessing.run_vggt:   [cuda:1] 97/97 frames done.
INFO preprocessing.run_vggt:   [cuda:0] 98/98 frames done.
INFO preprocessing.run_vggt: [rank 1] chunk saved → /tmp/tmpbe2s_cqh/chunk_01.npz
INFO preprocessing.run_vggt: [rank 2] chunk saved → /tmp/tmpbe2s_cqh/chunk_02.npz
INFO preprocessing.run_vggt: [rank 3] chunk saved → /tmp/tmpbe2s_cqh/chunk_03.npz
INFO preprocessing.run_vggt: [rank 0] chunk saved → /tmp/tmpbe2s_cqh/chunk_00.npz
INFO preprocessing.run_vggt: Saved cameras → /iopsstor/scratch/cscs/tnanni/ghost_outputs/rich_test_sync/Gym_013_dips1/trial0/vggt_cameras_centered.npz  extrinsics shape=(389, 4, 3, 4)
INFO preprocessing.run_vggt: Depth stats → valid_frames=389/389  nonzero_pixels=423829504  raw depth: min=0.2122 max=9.2578 mean=0.8858
INFO preprocessing.run_vggt: Saved depth   → /iopsstor/scratch/cscs/tnanni/ghost_outputs/rich_test_sync/Gym_013_dips1/trial0/vggt_depth_centered.npz  depth shape=(389, 4, 448, 608) dtype=uint16
INFO preprocessing.run_mapanything: trial0: T=389  K=4  MA=448×602
INFO preprocessing.run_mapanything: trial0: scale mean=8.4931  std=0.1172  nan_filled=0  time=48.1s
INFO __main__:   Built /iopsstor/scratch/cscs/tnanni/ghost_outputs/rich_test_sync/Gym_013_dips1/trial0  (sync_mae=0.00 frames)
INFO __main__: 
============================================================
Scene: Gym_013_dips2  cameras=['cam_01', 'cam_02', 'cam_04', 'cam_05']  sync persons=[1]
INFO __main__: 
-- Trial 1/1 --
INFO __main__:   true shifts: {'cam_01': 0, 'cam_02': 15, 'cam_04': -34, 'cam_05': 5}  end_cuts: {'cam_01': 23, 'cam_02': 36, 'cam_04': 45, 'cam_05': 30}
INFO __main__:   shift_hat:   {'cam_01': 0, 'cam_02': 15, 'cam_04': -34, 'cam_05': 5}  |err|={'cam_01': 0, 'cam_02': 0, 'cam_04': 0, 'cam_05': 0}
INFO preprocessing.run_vggt: Loading VGGT-Omega on cuda:0 from 'checkpoints/vggt_omega/vggt_omega_1b_512.pt' …
INFO preprocessing.run_vggt: Loading VGGT-Omega on cuda:1 from 'checkpoints/vggt_omega/vggt_omega_1b_512.pt' …
INFO dinov3: using base=100 for rope new
INFO dinov3: using min_period=None for rope new
INFO dinov3: using max_period=None for rope new
INFO dinov3: using normalize_coords=max for rope new
INFO dinov3: using base=100 for rope new
INFO dinov3: using shift_coords=None for rope new
INFO dinov3: using rescale_coords=None for rope new
INFO dinov3: using jitter_coords=None for rope new
INFO dinov3: using min_period=None for rope new
INFO dinov3: using dtype=fp32 for rope new
INFO dinov3: using max_period=None for rope new
INFO dinov3: using normalize_coords=max for rope new
INFO dinov3: using shift_coords=None for rope new
INFO dinov3: using rescale_coords=None for rope new
INFO dinov3: using jitter_coords=None for rope new
INFO dinov3: using dtype=fp32 for rope new
INFO dinov3: using mlp layer as FFN
INFO dinov3: using mlp layer as FFN
INFO preprocessing.run_vggt: Loading VGGT-Omega on cuda:2 from 'checkpoints/vggt_omega/vggt_omega_1b_512.pt' …
INFO preprocessing.run_vggt: Loading VGGT-Omega on cuda:3 from 'checkpoints/vggt_omega/vggt_omega_1b_512.pt' …
INFO dinov3: using base=100 for rope new
INFO dinov3: using min_period=None for rope new
INFO dinov3: using max_period=None for rope new
INFO dinov3: using normalize_coords=max for rope new
INFO dinov3: using shift_coords=None for rope new
INFO dinov3: using rescale_coords=None for rope new
INFO dinov3: using jitter_coords=None for rope new
INFO dinov3: using dtype=fp32 for rope new
INFO dinov3: using base=100 for rope new
INFO dinov3: using min_period=None for rope new
INFO dinov3: using max_period=None for rope new
INFO dinov3: using normalize_coords=max for rope new
INFO dinov3: using shift_coords=None for rope new
INFO dinov3: using mlp layer as FFN
INFO dinov3: using rescale_coords=None for rope new
INFO dinov3: using jitter_coords=None for rope new
INFO dinov3: using dtype=fp32 for rope new
INFO dinov3: using mlp layer as FFN
INFO preprocessing.run_vggt: VGGT-Omega ready.
INFO preprocessing.run_vggt: VGGT-Omega ready.
INFO preprocessing.run_vggt: VGGT-Omega ready.
INFO preprocessing.run_vggt: VGGT-Omega ready.
/users/tnanni/ghost/preprocessing/run_vggt.py:224: UserWarning: Found images with different shapes: {(448, 592), (432, 608)}; padding to a common size.
  sample = load_and_preprocess_images(present, image_resolution=self.resolution)
INFO preprocessing.run_vggt:   VGGT-Omega output resolution: 448×608
/users/tnanni/ghost/preprocessing/run_vggt.py:224: UserWarning: Found images with different shapes: {(448, 592), (432, 608)}; padding to a common size.
  sample = load_and_preprocess_images(present, image_resolution=self.resolution)
/users/tnanni/ghost/preprocessing/run_vggt.py:224: UserWarning: Found images with different shapes: {(448, 592), (432, 608)}; padding to a common size.
  sample = load_and_preprocess_images(present, image_resolution=self.resolution)
INFO preprocessing.run_vggt:   VGGT-Omega output resolution: 448×608
INFO preprocessing.run_vggt:   VGGT-Omega output resolution: 448×608
/users/tnanni/ghost/preprocessing/run_vggt.py:224: UserWarning: Found images with different shapes: {(448, 592), (432, 608)}; padding to a common size.
  sample = load_and_preprocess_images(present, image_resolution=self.resolution)
INFO preprocessing.run_vggt:   VGGT-Omega output resolution: 448×608
/users/tnanni/ghost/preprocessing/run_vggt.py:172: UserWarning: Found images with different shapes: {(448, 592), (432, 608)}; padding to a common size.
  images = load_and_preprocess_images(
/users/tnanni/ghost/preprocessing/run_vggt.py:172: UserWarning: Found images with different shapes: {(448, 592), (432, 608)}; padding to a common size.
  images = load_and_preprocess_images(
/users/tnanni/ghost/preprocessing/run_vggt.py:172: UserWarning: Found images with different shapes: {(448, 592), (432, 608)}; padding to a common size.
  images = load_and_preprocess_images(
/users/tnanni/ghost/preprocessing/run_vggt.py:172: UserWarning: Found images with different shapes: {(448, 592), (432, 608)}; padding to a common size.
  images = load_and_preprocess_images(
INFO preprocessing.run_vggt:   [cuda:0] 20/60 frames done.
INFO preprocessing.run_vggt:   [cuda:1] 20/60 frames done.
INFO preprocessing.run_vggt:   [cuda:3] 20/59 frames done.
INFO preprocessing.run_vggt:   [cuda:2] 20/60 frames done.
INFO preprocessing.run_vggt:   [cuda:0] 40/60 frames done.
INFO preprocessing.run_vggt:   [cuda:1] 40/60 frames done.
INFO preprocessing.run_vggt:   [cuda:3] 40/59 frames done.
INFO preprocessing.run_vggt:   [cuda:2] 40/60 frames done.
INFO preprocessing.run_vggt:   [cuda:0] 60/60 frames done.
INFO preprocessing.run_vggt:   [cuda:3] 59/59 frames done.
INFO preprocessing.run_vggt:   [cuda:1] 60/60 frames done.
INFO preprocessing.run_vggt:   [cuda:2] 60/60 frames done.
INFO preprocessing.run_vggt: [rank 3] chunk saved → /tmp/tmp89xdqwe0/chunk_03.npz
INFO preprocessing.run_vggt: [rank 0] chunk saved → /tmp/tmp89xdqwe0/chunk_00.npz
INFO preprocessing.run_vggt: [rank 1] chunk saved → /tmp/tmp89xdqwe0/chunk_01.npz
INFO preprocessing.run_vggt: [rank 2] chunk saved → /tmp/tmp89xdqwe0/chunk_02.npz
INFO preprocessing.run_vggt: Saved cameras → /iopsstor/scratch/cscs/tnanni/ghost_outputs/rich_test_sync/Gym_013_dips2/trial0/vggt_cameras_centered.npz  extrinsics shape=(239, 4, 3, 4)
INFO preprocessing.run_vggt: Depth stats → valid_frames=239/239  nonzero_pixels=260399104  raw depth: min=0.2095 max=8.0312 mean=0.8947
INFO preprocessing.run_vggt: Saved depth   → /iopsstor/scratch/cscs/tnanni/ghost_outputs/rich_test_sync/Gym_013_dips2/trial0/vggt_depth_centered.npz  depth shape=(239, 4, 448, 608) dtype=uint16
INFO preprocessing.run_mapanything: trial0: T=239  K=4  MA=448×602
INFO preprocessing.run_mapanything: trial0: scale mean=8.5936  std=0.3197  nan_filled=0  time=30.1s
INFO __main__:   Built /iopsstor/scratch/cscs/tnanni/ghost_outputs/rich_test_sync/Gym_013_dips2/trial0  (sync_mae=0.00 frames)
INFO __main__: 
============================================================
Scene: Gym_013_dips3  cameras=['cam_01', 'cam_02', 'cam_04', 'cam_05']  sync persons=[1]
INFO __main__: 
-- Trial 1/1 --
INFO __main__:   true shifts: {'cam_01': 0, 'cam_02': -8, 'cam_04': -9, 'cam_05': -7}  end_cuts: {'cam_01': 37, 'cam_02': 14, 'cam_04': 7, 'cam_05': 15}
INFO __main__:   shift_hat:   {'cam_01': 0, 'cam_02': -8, 'cam_04': -9, 'cam_05': -7}  |err|={'cam_01': 0, 'cam_02': 0, 'cam_04': 0, 'cam_05': 0}
INFO preprocessing.run_vggt: Loading VGGT-Omega on cuda:2 from 'checkpoints/vggt_omega/vggt_omega_1b_512.pt' …
INFO preprocessing.run_vggt: Loading VGGT-Omega on cuda:0 from 'checkpoints/vggt_omega/vggt_omega_1b_512.pt' …
INFO preprocessing.run_vggt: Loading VGGT-Omega on cuda:1 from 'checkpoints/vggt_omega/vggt_omega_1b_512.pt' …
INFO preprocessing.run_vggt: Loading VGGT-Omega on cuda:3 from 'checkpoints/vggt_omega/vggt_omega_1b_512.pt' …
INFO dinov3: using base=100 for rope new
INFO dinov3: using min_period=None for rope new
INFO dinov3: using max_period=None for rope new
INFO dinov3: using normalize_coords=max for rope new
INFO dinov3: using shift_coords=None for rope new
INFO dinov3: using rescale_coords=None for rope new
INFO dinov3: using base=100 for rope new
INFO dinov3: using jitter_coords=None for rope new
INFO dinov3: using dtype=fp32 for rope new
INFO dinov3: using min_period=None for rope new
INFO dinov3: using max_period=None for rope new
INFO dinov3: using normalize_coords=max for rope new
INFO dinov3: using shift_coords=None for rope new
INFO dinov3: using rescale_coords=None for rope new
INFO dinov3: using jitter_coords=None for rope new
INFO dinov3: using dtype=fp32 for rope new
INFO dinov3: using base=100 for rope new
INFO dinov3: using mlp layer as FFN
INFO dinov3: using min_period=None for rope new
INFO dinov3: using max_period=None for rope new
INFO dinov3: using normalize_coords=max for rope new
INFO dinov3: using mlp layer as FFN
INFO dinov3: using shift_coords=None for rope new
INFO dinov3: using rescale_coords=None for rope new
INFO dinov3: using jitter_coords=None for rope new
INFO dinov3: using dtype=fp32 for rope new
INFO dinov3: using mlp layer as FFN
INFO dinov3: using base=100 for rope new
INFO dinov3: using min_period=None for rope new
INFO dinov3: using max_period=None for rope new
INFO dinov3: using normalize_coords=max for rope new
INFO dinov3: using shift_coords=None for rope new
INFO dinov3: using rescale_coords=None for rope new
INFO dinov3: using jitter_coords=None for rope new
INFO dinov3: using dtype=fp32 for rope new
INFO dinov3: using mlp layer as FFN
INFO preprocessing.run_vggt: VGGT-Omega ready.
INFO preprocessing.run_vggt: VGGT-Omega ready.
INFO preprocessing.run_vggt: VGGT-Omega ready.
INFO preprocessing.run_vggt: VGGT-Omega ready.
/users/tnanni/ghost/preprocessing/run_vggt.py:224: UserWarning: Found images with different shapes: {(448, 592), (432, 608)}; padding to a common size.
  sample = load_and_preprocess_images(present, image_resolution=self.resolution)
INFO preprocessing.run_vggt:   VGGT-Omega output resolution: 448×608
/users/tnanni/ghost/preprocessing/run_vggt.py:224: UserWarning: Found images with different shapes: {(448, 592), (432, 608)}; padding to a common size.
  sample = load_and_preprocess_images(present, image_resolution=self.resolution)
/users/tnanni/ghost/preprocessing/run_vggt.py:224: UserWarning: Found images with different shapes: {(448, 592), (432, 608)}; padding to a common size.
  sample = load_and_preprocess_images(present, image_resolution=self.resolution)
INFO preprocessing.run_vggt:   VGGT-Omega output resolution: 448×608
/users/tnanni/ghost/preprocessing/run_vggt.py:224: UserWarning: Found images with different shapes: {(448, 592), (432, 608)}; padding to a common size.
  sample = load_and_preprocess_images(present, image_resolution=self.resolution)
INFO preprocessing.run_vggt:   VGGT-Omega output resolution: 448×608
INFO preprocessing.run_vggt:   VGGT-Omega output resolution: 448×608
/users/tnanni/ghost/preprocessing/run_vggt.py:172: UserWarning: Found images with different shapes: {(448, 592), (432, 608)}; padding to a common size.
  images = load_and_preprocess_images(
/users/tnanni/ghost/preprocessing/run_vggt.py:172: UserWarning: Found images with different shapes: {(448, 592), (432, 608)}; padding to a common size.
  images = load_and_preprocess_images(
/users/tnanni/ghost/preprocessing/run_vggt.py:172: UserWarning: Found images with different shapes: {(448, 592), (432, 608)}; padding to a common size.
  images = load_and_preprocess_images(
/users/tnanni/ghost/preprocessing/run_vggt.py:172: UserWarning: Found images with different shapes: {(448, 592), (432, 608)}; padding to a common size.
  images = load_and_preprocess_images(
INFO preprocessing.run_vggt:   [cuda:2] 20/114 frames done.
INFO preprocessing.run_vggt:   [cuda:0] 20/114 frames done.
INFO preprocessing.run_vggt:   [cuda:3] 20/114 frames done.
INFO preprocessing.run_vggt:   [cuda:1] 20/114 frames done.
INFO preprocessing.run_vggt:   [cuda:2] 40/114 frames done.
INFO preprocessing.run_vggt:   [cuda:0] 40/114 frames done.
INFO preprocessing.run_vggt:   [cuda:1] 40/114 frames done.
INFO preprocessing.run_vggt:   [cuda:3] 40/114 frames done.
INFO preprocessing.run_vggt:   [cuda:2] 60/114 frames done.
INFO preprocessing.run_vggt:   [cuda:1] 60/114 frames done.
INFO preprocessing.run_vggt:   [cuda:0] 60/114 frames done.
INFO preprocessing.run_vggt:   [cuda:3] 60/114 frames done.
INFO preprocessing.run_vggt:   [cuda:2] 80/114 frames done.
INFO preprocessing.run_vggt:   [cuda:1] 80/114 frames done.
INFO preprocessing.run_vggt:   [cuda:0] 80/114 frames done.
INFO preprocessing.run_vggt:   [cuda:3] 80/114 frames done.
INFO preprocessing.run_vggt:   [cuda:2] 100/114 frames done.
INFO preprocessing.run_vggt:   [cuda:0] 100/114 frames done.
INFO preprocessing.run_vggt:   [cuda:1] 100/114 frames done.
INFO preprocessing.run_vggt:   [cuda:3] 100/114 frames done.
INFO preprocessing.run_vggt:   [cuda:2] 114/114 frames done.
INFO preprocessing.run_vggt:   [cuda:0] 114/114 frames done.
INFO preprocessing.run_vggt:   [cuda:1] 114/114 frames done.
INFO preprocessing.run_vggt:   [cuda:3] 114/114 frames done.
INFO preprocessing.run_vggt: [rank 2] chunk saved → /tmp/tmperffgoqj/chunk_02.npz
INFO preprocessing.run_vggt: [rank 0] chunk saved → /tmp/tmperffgoqj/chunk_00.npz
INFO preprocessing.run_vggt: [rank 1] chunk saved → /tmp/tmperffgoqj/chunk_01.npz
INFO preprocessing.run_vggt: [rank 3] chunk saved → /tmp/tmperffgoqj/chunk_03.npz
INFO preprocessing.run_vggt: Saved cameras → /iopsstor/scratch/cscs/tnanni/ghost_outputs/rich_test_sync/Gym_013_dips3/trial0/vggt_cameras_centered.npz  extrinsics shape=(456, 4, 3, 4)
INFO preprocessing.run_vggt: Depth stats → valid_frames=456/456  nonzero_pixels=496828416  raw depth: min=0.2217 max=7.7969 mean=0.8960
INFO preprocessing.run_vggt: Saved depth   → /iopsstor/scratch/cscs/tnanni/ghost_outputs/rich_test_sync/Gym_013_dips3/trial0/vggt_depth_centered.npz  depth shape=(456, 4, 448, 608) dtype=uint16
INFO preprocessing.run_mapanything: trial0: T=456  K=4  MA=448×602
INFO preprocessing.run_mapanything: trial0: scale mean=8.5767  std=0.2865  nan_filled=0  time=56.9s
INFO __main__:   Built /iopsstor/scratch/cscs/tnanni/ghost_outputs/rich_test_sync/Gym_013_dips3/trial0  (sync_mae=0.00 frames)
INFO __main__: 
============================================================
Scene: Gym_013_lunge1  cameras=['cam_01', 'cam_04', 'cam_05', 'cam_06']  sync persons=[1]
INFO __main__: 
-- Trial 1/1 --
INFO __main__:   true shifts: {'cam_01': 0, 'cam_04': -43, 'cam_05': -36, 'cam_06': -37}  end_cuts: {'cam_01': 35, 'cam_04': 33, 'cam_05': 32, 'cam_06': 21}
INFO __main__:   shift_hat:   {'cam_01': 0, 'cam_04': -43, 'cam_05': -36, 'cam_06': -37}  |err|={'cam_01': 0, 'cam_04': 0, 'cam_05': 0, 'cam_06': 0}
INFO preprocessing.run_vggt: Loading VGGT-Omega on cuda:1 from 'checkpoints/vggt_omega/vggt_omega_1b_512.pt' …
INFO dinov3: using base=100 for rope new
INFO dinov3: using min_period=None for rope new
INFO dinov3: using max_period=None for rope new
INFO dinov3: using normalize_coords=max for rope new
INFO dinov3: using shift_coords=None for rope new
INFO dinov3: using rescale_coords=None for rope new
INFO dinov3: using jitter_coords=None for rope new
INFO dinov3: using dtype=fp32 for rope new
INFO dinov3: using mlp layer as FFN
INFO preprocessing.run_vggt: Loading VGGT-Omega on cuda:3 from 'checkpoints/vggt_omega/vggt_omega_1b_512.pt' …
INFO dinov3: using base=100 for rope new
INFO dinov3: using min_period=None for rope new
INFO dinov3: using max_period=None for rope new
INFO dinov3: using normalize_coords=max for rope new
INFO dinov3: using shift_coords=None for rope new
INFO dinov3: using rescale_coords=None for rope new
INFO dinov3: using jitter_coords=None for rope new
INFO dinov3: using dtype=fp32 for rope new
INFO dinov3: using mlp layer as FFN
INFO preprocessing.run_vggt: Loading VGGT-Omega on cuda:2 from 'checkpoints/vggt_omega/vggt_omega_1b_512.pt' …
INFO dinov3: using base=100 for rope new
INFO dinov3: using min_period=None for rope new
INFO dinov3: using max_period=None for rope new
INFO dinov3: using normalize_coords=max for rope new
INFO dinov3: using shift_coords=None for rope new
INFO dinov3: using rescale_coords=None for rope new
INFO dinov3: using jitter_coords=None for rope new
INFO dinov3: using dtype=fp32 for rope new
INFO dinov3: using mlp layer as FFN
INFO preprocessing.run_vggt: Loading VGGT-Omega on cuda:0 from 'checkpoints/vggt_omega/vggt_omega_1b_512.pt' …
INFO dinov3: using base=100 for rope new
INFO dinov3: using min_period=None for rope new
INFO dinov3: using max_period=None for rope new
INFO dinov3: using normalize_coords=max for rope new
INFO dinov3: using shift_coords=None for rope new
INFO dinov3: using rescale_coords=None for rope new
INFO dinov3: using jitter_coords=None for rope new
INFO dinov3: using dtype=fp32 for rope new
INFO dinov3: using mlp layer as FFN
INFO preprocessing.run_vggt: VGGT-Omega ready.
INFO preprocessing.run_vggt: VGGT-Omega ready.
INFO preprocessing.run_vggt: VGGT-Omega ready.
INFO preprocessing.run_vggt: VGGT-Omega ready.
/users/tnanni/ghost/preprocessing/run_vggt.py:224: UserWarning: Found images with different shapes: {(448, 592), (432, 608)}; padding to a common size.
  sample = load_and_preprocess_images(present, image_resolution=self.resolution)
/users/tnanni/ghost/preprocessing/run_vggt.py:224: UserWarning: Found images with different shapes: {(448, 592), (432, 608)}; padding to a common size.
  sample = load_and_preprocess_images(present, image_resolution=self.resolution)
INFO preprocessing.run_vggt:   VGGT-Omega output resolution: 448×608
INFO preprocessing.run_vggt:   VGGT-Omega output resolution: 448×608
/users/tnanni/ghost/preprocessing/run_vggt.py:224: UserWarning: Found images with different shapes: {(448, 592), (432, 608)}; padding to a common size.
  sample = load_and_preprocess_images(present, image_resolution=self.resolution)
INFO preprocessing.run_vggt:   VGGT-Omega output resolution: 448×608
/users/tnanni/ghost/preprocessing/run_vggt.py:224: UserWarning: Found images with different shapes: {(448, 592), (432, 608)}; padding to a common size.
  sample = load_and_preprocess_images(present, image_resolution=self.resolution)
INFO preprocessing.run_vggt:   VGGT-Omega output resolution: 448×608
/users/tnanni/ghost/preprocessing/run_vggt.py:172: UserWarning: Found images with different shapes: {(448, 592), (432, 608)}; padding to a common size.
  images = load_and_preprocess_images(
/users/tnanni/ghost/preprocessing/run_vggt.py:172: UserWarning: Found images with different shapes: {(448, 592), (432, 608)}; padding to a common size.
  images = load_and_preprocess_images(
/users/tnanni/ghost/preprocessing/run_vggt.py:172: UserWarning: Found images with different shapes: {(448, 592), (432, 608)}; padding to a common size.
  images = load_and_preprocess_images(
/users/tnanni/ghost/preprocessing/run_vggt.py:172: UserWarning: Found images with different shapes: {(448, 592), (432, 608)}; padding to a common size.
  images = load_and_preprocess_images(
INFO preprocessing.run_vggt:   [cuda:3] 20/152 frames done.
INFO preprocessing.run_vggt:   [cuda:0] 20/153 frames done.
INFO preprocessing.run_vggt:   [cuda:2] 20/153 frames done.
INFO preprocessing.run_vggt:   [cuda:1] 20/153 frames done.
INFO preprocessing.run_vggt:   [cuda:3] 40/152 frames done.
INFO preprocessing.run_vggt:   [cuda:0] 40/153 frames done.
INFO preprocessing.run_vggt:   [cuda:2] 40/153 frames done.
INFO preprocessing.run_vggt:   [cuda:1] 40/153 frames done.
INFO preprocessing.run_vggt:   [cuda:3] 60/152 frames done.
INFO preprocessing.run_vggt:   [cuda:0] 60/153 frames done.
INFO preprocessing.run_vggt:   [cuda:2] 60/153 frames done.
INFO preprocessing.run_vggt:   [cuda:1] 60/153 frames done.
INFO preprocessing.run_vggt:   [cuda:0] 80/153 frames done.
INFO preprocessing.run_vggt:   [cuda:3] 80/152 frames done.
INFO preprocessing.run_vggt:   [cuda:2] 80/153 frames done.
INFO preprocessing.run_vggt:   [cuda:1] 80/153 frames done.
INFO preprocessing.run_vggt:   [cuda:0] 100/153 frames done.
INFO preprocessing.run_vggt:   [cuda:3] 100/152 frames done.
INFO preprocessing.run_vggt:   [cuda:2] 100/153 frames done.
INFO preprocessing.run_vggt:   [cuda:1] 100/153 frames done.
INFO preprocessing.run_vggt:   [cuda:0] 120/153 frames done.
INFO preprocessing.run_vggt:   [cuda:3] 120/152 frames done.
INFO preprocessing.run_vggt:   [cuda:2] 120/153 frames done.
INFO preprocessing.run_vggt:   [cuda:1] 120/153 frames done.
INFO preprocessing.run_vggt:   [cuda:0] 140/153 frames done.
INFO preprocessing.run_vggt:   [cuda:3] 140/152 frames done.
INFO preprocessing.run_vggt:   [cuda:2] 140/153 frames done.
INFO preprocessing.run_vggt:   [cuda:1] 140/153 frames done.
INFO preprocessing.run_vggt:   [cuda:3] 152/152 frames done.
INFO preprocessing.run_vggt:   [cuda:0] 153/153 frames done.
INFO preprocessing.run_vggt:   [cuda:1] 153/153 frames done.
INFO preprocessing.run_vggt:   [cuda:2] 153/153 frames done.
INFO preprocessing.run_vggt: [rank 0] chunk saved → /tmp/tmp87ynsp3w/chunk_00.npz
INFO preprocessing.run_vggt: [rank 3] chunk saved → /tmp/tmp87ynsp3w/chunk_03.npz
INFO preprocessing.run_vggt: [rank 1] chunk saved → /tmp/tmp87ynsp3w/chunk_01.npz
INFO preprocessing.run_vggt: [rank 2] chunk saved → /tmp/tmp87ynsp3w/chunk_02.npz
INFO preprocessing.run_vggt: Saved cameras → /iopsstor/scratch/cscs/tnanni/ghost_outputs/rich_test_sync/Gym_013_lunge1/trial0/vggt_cameras_centered.npz  extrinsics shape=(611, 4, 3, 4)
INFO preprocessing.run_vggt: Depth stats → valid_frames=611/611  nonzero_pixels=665706496  raw depth: min=0.2324 max=8.2500 mean=0.8572
INFO preprocessing.run_vggt: Saved depth   → /iopsstor/scratch/cscs/tnanni/ghost_outputs/rich_test_sync/Gym_013_lunge1/trial0/vggt_depth_centered.npz  depth shape=(611, 4, 448, 608) dtype=uint16
INFO preprocessing.run_mapanything: trial0: T=611  K=4  MA=448×602
INFO preprocessing.run_mapanything: trial0: scale mean=8.3354  std=0.1409  nan_filled=0  time=75.4s
INFO __main__:   Built /iopsstor/scratch/cscs/tnanni/ghost_outputs/rich_test_sync/Gym_013_lunge1/trial0  (sync_mae=0.00 frames)
INFO __main__: 
============================================================
Scene: Gym_013_lunge2  cameras=['cam_00', 'cam_04', 'cam_05', 'cam_06']  sync persons=[1]
INFO __main__: 
-- Trial 1/1 --
INFO __main__:   true shifts: {'cam_00': 0, 'cam_04': 20, 'cam_05': -31, 'cam_06': 36}  end_cuts: {'cam_00': 23, 'cam_04': 43, 'cam_05': 7, 'cam_06': 22}
INFO __main__:   shift_hat:   {'cam_00': 0, 'cam_04': 20, 'cam_05': -31, 'cam_06': 36}  |err|={'cam_00': 0, 'cam_04': 0, 'cam_05': 0, 'cam_06': 0}
INFO preprocessing.run_vggt: Loading VGGT-Omega on cuda:1 from 'checkpoints/vggt_omega/vggt_omega_1b_512.pt' …
INFO preprocessing.run_vggt: Loading VGGT-Omega on cuda:2 from 'checkpoints/vggt_omega/vggt_omega_1b_512.pt' …
INFO dinov3: using base=100 for rope new
INFO dinov3: using min_period=None for rope new
INFO dinov3: using max_period=None for rope new
INFO dinov3: using normalize_coords=max for rope new
INFO dinov3: using shift_coords=None for rope new
INFO dinov3: using base=100 for rope new
INFO dinov3: using rescale_coords=None for rope new
INFO dinov3: using jitter_coords=None for rope new
INFO dinov3: using dtype=fp32 for rope new
INFO dinov3: using min_period=None for rope new
INFO dinov3: using max_period=None for rope new
INFO dinov3: using normalize_coords=max for rope new
INFO dinov3: using shift_coords=None for rope new
INFO dinov3: using rescale_coords=None for rope new
INFO dinov3: using jitter_coords=None for rope new
INFO dinov3: using dtype=fp32 for rope new
INFO dinov3: using mlp layer as FFN
INFO dinov3: using mlp layer as FFN
INFO preprocessing.run_vggt: Loading VGGT-Omega on cuda:3 from 'checkpoints/vggt_omega/vggt_omega_1b_512.pt' …
INFO dinov3: using base=100 for rope new
INFO dinov3: using min_period=None for rope new
INFO dinov3: using max_period=None for rope new
INFO dinov3: using normalize_coords=max for rope new
INFO dinov3: using shift_coords=None for rope new
INFO dinov3: using rescale_coords=None for rope new
INFO dinov3: using jitter_coords=None for rope new
INFO dinov3: using dtype=fp32 for rope new
INFO dinov3: using mlp layer as FFN
INFO preprocessing.run_vggt: Loading VGGT-Omega on cuda:0 from 'checkpoints/vggt_omega/vggt_omega_1b_512.pt' …
INFO dinov3: using base=100 for rope new
INFO dinov3: using min_period=None for rope new
INFO dinov3: using max_period=None for rope new
INFO dinov3: using normalize_coords=max for rope new
INFO dinov3: using shift_coords=None for rope new
INFO dinov3: using rescale_coords=None for rope new
INFO dinov3: using jitter_coords=None for rope new
INFO dinov3: using dtype=fp32 for rope new
INFO dinov3: using mlp layer as FFN
INFO preprocessing.run_vggt: VGGT-Omega ready.
INFO preprocessing.run_vggt: VGGT-Omega ready.
INFO preprocessing.run_vggt: VGGT-Omega ready.
INFO preprocessing.run_vggt: VGGT-Omega ready.
/users/tnanni/ghost/preprocessing/run_vggt.py:224: UserWarning: Found images with different shapes: {(448, 592), (432, 608)}; padding to a common size.
  sample = load_and_preprocess_images(present, image_resolution=self.resolution)
INFO preprocessing.run_vggt:   VGGT-Omega output resolution: 448×608
/users/tnanni/ghost/preprocessing/run_vggt.py:224: UserWarning: Found images with different shapes: {(448, 592), (432, 608)}; padding to a common size.
  sample = load_and_preprocess_images(present, image_resolution=self.resolution)
/users/tnanni/ghost/preprocessing/run_vggt.py:224: UserWarning: Found images with different shapes: {(448, 592), (432, 608)}; padding to a common size.
  sample = load_and_preprocess_images(present, image_resolution=self.resolution)
/users/tnanni/ghost/preprocessing/run_vggt.py:224: UserWarning: Found images with different shapes: {(448, 592), (432, 608)}; padding to a common size.
  sample = load_and_preprocess_images(present, image_resolution=self.resolution)
INFO preprocessing.run_vggt:   VGGT-Omega output resolution: 448×608
INFO preprocessing.run_vggt:   VGGT-Omega output resolution: 448×608
INFO preprocessing.run_vggt:   VGGT-Omega output resolution: 448×608
/users/tnanni/ghost/preprocessing/run_vggt.py:172: UserWarning: Found images with different shapes: {(448, 592), (432, 608)}; padding to a common size.
  images = load_and_preprocess_images(
/users/tnanni/ghost/preprocessing/run_vggt.py:172: UserWarning: Found images with different shapes: {(448, 592), (432, 608)}; padding to a common size.
  images = load_and_preprocess_images(
/users/tnanni/ghost/preprocessing/run_vggt.py:172: UserWarning: Found images with different shapes: {(448, 592), (432, 608)}; padding to a common size.
  images = load_and_preprocess_images(
/users/tnanni/ghost/preprocessing/run_vggt.py:172: UserWarning: Found images with different shapes: {(448, 592), (432, 608)}; padding to a common size.
  images = load_and_preprocess_images(
INFO preprocessing.run_vggt:   [cuda:0] 20/181 frames done.
INFO preprocessing.run_vggt:   [cuda:3] 20/181 frames done.
INFO preprocessing.run_vggt:   [cuda:1] 20/181 frames done.
INFO preprocessing.run_vggt:   [cuda:2] 20/181 frames done.
INFO preprocessing.run_vggt:   [cuda:3] 40/181 frames done.
INFO preprocessing.run_vggt:   [cuda:1] 40/181 frames done.
INFO preprocessing.run_vggt:   [cuda:0] 40/181 frames done.
INFO preprocessing.run_vggt:   [cuda:2] 40/181 frames done.
INFO preprocessing.run_vggt:   [cuda:3] 60/181 frames done.
INFO preprocessing.run_vggt:   [cuda:0] 60/181 frames done.
INFO preprocessing.run_vggt:   [cuda:1] 60/181 frames done.
INFO preprocessing.run_vggt:   [cuda:2] 60/181 frames done.
INFO preprocessing.run_vggt:   [cuda:3] 80/181 frames done.
INFO preprocessing.run_vggt:   [cuda:1] 80/181 frames done.
INFO preprocessing.run_vggt:   [cuda:0] 80/181 frames done.
INFO preprocessing.run_vggt:   [cuda:2] 80/181 frames done.
INFO preprocessing.run_vggt:   [cuda:3] 100/181 frames done.
INFO preprocessing.run_vggt:   [cuda:0] 100/181 frames done.
INFO preprocessing.run_vggt:   [cuda:1] 100/181 frames done.
INFO preprocessing.run_vggt:   [cuda:2] 100/181 frames done.
INFO preprocessing.run_vggt:   [cuda:3] 120/181 frames done.
INFO preprocessing.run_vggt:   [cuda:0] 120/181 frames done.
INFO preprocessing.run_vggt:   [cuda:1] 120/181 frames done.
INFO preprocessing.run_vggt:   [cuda:2] 120/181 frames done.
INFO preprocessing.run_vggt:   [cuda:3] 140/181 frames done.
INFO preprocessing.run_vggt:   [cuda:0] 140/181 frames done.
INFO preprocessing.run_vggt:   [cuda:1] 140/181 frames done.
INFO preprocessing.run_vggt:   [cuda:2] 140/181 frames done.
INFO preprocessing.run_vggt:   [cuda:3] 160/181 frames done.
INFO preprocessing.run_vggt:   [cuda:0] 160/181 frames done.
INFO preprocessing.run_vggt:   [cuda:1] 160/181 frames done.
INFO preprocessing.run_vggt:   [cuda:2] 160/181 frames done.
INFO preprocessing.run_vggt:   [cuda:3] 180/181 frames done.
INFO preprocessing.run_vggt:   [cuda:0] 180/181 frames done.
INFO preprocessing.run_vggt:   [cuda:3] 181/181 frames done.
INFO preprocessing.run_vggt:   [cuda:0] 181/181 frames done.
INFO preprocessing.run_vggt:   [cuda:1] 180/181 frames done.
INFO preprocessing.run_vggt:   [cuda:1] 181/181 frames done.
INFO preprocessing.run_vggt:   [cuda:2] 180/181 frames done.
INFO preprocessing.run_vggt:   [cuda:2] 181/181 frames done.
INFO preprocessing.run_vggt: [rank 3] chunk saved → /tmp/tmpuet5bhxt/chunk_03.npz
INFO preprocessing.run_vggt: [rank 0] chunk saved → /tmp/tmpuet5bhxt/chunk_00.npz
INFO preprocessing.run_vggt: [rank 1] chunk saved → /tmp/tmpuet5bhxt/chunk_01.npz
INFO preprocessing.run_vggt: [rank 2] chunk saved → /tmp/tmpuet5bhxt/chunk_02.npz
INFO preprocessing.run_vggt: Saved cameras → /iopsstor/scratch/cscs/tnanni/ghost_outputs/rich_test_sync/Gym_013_lunge2/trial0/vggt_cameras_centered.npz  extrinsics shape=(724, 4, 3, 4)
INFO preprocessing.run_vggt: Depth stats → valid_frames=724/724  nonzero_pixels=788824064  raw depth: min=0.2269 max=8.9688 mean=0.8814
INFO preprocessing.run_vggt: Saved depth   → /iopsstor/scratch/cscs/tnanni/ghost_outputs/rich_test_sync/Gym_013_lunge2/trial0/vggt_depth_centered.npz  depth shape=(724, 4, 448, 608) dtype=uint16
INFO preprocessing.run_mapanything: trial0: T=724  K=4  MA=448×602
INFO preprocessing.run_mapanything: trial0: scale mean=8.2862  std=0.1265  nan_filled=0  time=89.4s
INFO __main__:   Built /iopsstor/scratch/cscs/tnanni/ghost_outputs/rich_test_sync/Gym_013_lunge2/trial0  (sync_mae=0.00 frames)
INFO __main__: 
============================================================
Scene: Gym_013_pushup1  cameras=['cam_00', 'cam_03', 'cam_04', 'cam_05']  sync persons=[1]
INFO __main__: 
-- Trial 1/1 --
INFO __main__:   true shifts: {'cam_00': 0, 'cam_03': 18, 'cam_04': 0, 'cam_05': -5}  end_cuts: {'cam_00': 7, 'cam_03': 17, 'cam_04': 10, 'cam_05': 13}
INFO __main__:   shift_hat:   {'cam_00': 0, 'cam_03': 17, 'cam_04': 0, 'cam_05': -5}  |err|={'cam_00': 0, 'cam_03': 1, 'cam_04': 0, 'cam_05': 0}
INFO preprocessing.run_vggt: Loading VGGT-Omega on cuda:0 from 'checkpoints/vggt_omega/vggt_omega_1b_512.pt' …
INFO dinov3: using base=100 for rope new
INFO dinov3: using min_period=None for rope new
INFO dinov3: using max_period=None for rope new
INFO dinov3: using normalize_coords=max for rope new
INFO dinov3: using shift_coords=None for rope new
INFO dinov3: using rescale_coords=None for rope new
INFO dinov3: using jitter_coords=None for rope new
INFO dinov3: using dtype=fp32 for rope new
INFO dinov3: using mlp layer as FFN
INFO preprocessing.run_vggt: Loading VGGT-Omega on cuda:3 from 'checkpoints/vggt_omega/vggt_omega_1b_512.pt' …
INFO dinov3: using base=100 for rope new
INFO dinov3: using min_period=None for rope new
INFO dinov3: using max_period=None for rope new
INFO dinov3: using normalize_coords=max for rope new
INFO dinov3: using shift_coords=None for rope new
INFO dinov3: using rescale_coords=None for rope new
INFO dinov3: using jitter_coords=None for rope new
INFO dinov3: using dtype=fp32 for rope new
INFO dinov3: using mlp layer as FFN
INFO preprocessing.run_vggt: Loading VGGT-Omega on cuda:1 from 'checkpoints/vggt_omega/vggt_omega_1b_512.pt' …
INFO dinov3: using base=100 for rope new
INFO dinov3: using min_period=None for rope new
INFO dinov3: using max_period=None for rope new
INFO dinov3: using normalize_coords=max for rope new
INFO dinov3: using shift_coords=None for rope new
INFO dinov3: using rescale_coords=None for rope new
INFO dinov3: using jitter_coords=None for rope new
INFO dinov3: using dtype=fp32 for rope new
INFO dinov3: using mlp layer as FFN
INFO preprocessing.run_vggt: Loading VGGT-Omega on cuda:2 from 'checkpoints/vggt_omega/vggt_omega_1b_512.pt' …
INFO dinov3: using base=100 for rope new
INFO dinov3: using min_period=None for rope new
INFO dinov3: using max_period=None for rope new
INFO dinov3: using normalize_coords=max for rope new
INFO dinov3: using shift_coords=None for rope new
INFO dinov3: using rescale_coords=None for rope new
INFO dinov3: using jitter_coords=None for rope new
INFO dinov3: using dtype=fp32 for rope new
INFO dinov3: using mlp layer as FFN
INFO preprocessing.run_vggt: VGGT-Omega ready.
INFO preprocessing.run_vggt: VGGT-Omega ready.
INFO preprocessing.run_vggt: VGGT-Omega ready.
INFO preprocessing.run_vggt: VGGT-Omega ready.
/users/tnanni/ghost/preprocessing/run_vggt.py:224: UserWarning: Found images with different shapes: {(448, 592), (432, 592), (432, 608)}; padding to a common size.
  sample = load_and_preprocess_images(present, image_resolution=self.resolution)
INFO preprocessing.run_vggt:   VGGT-Omega output resolution: 448×608
/users/tnanni/ghost/preprocessing/run_vggt.py:224: UserWarning: Found images with different shapes: {(448, 592), (432, 592), (432, 608)}; padding to a common size.
  sample = load_and_preprocess_images(present, image_resolution=self.resolution)
INFO preprocessing.run_vggt:   VGGT-Omega output resolution: 448×608
/users/tnanni/ghost/preprocessing/run_vggt.py:224: UserWarning: Found images with different shapes: {(448, 592), (432, 592), (432, 608)}; padding to a common size.
  sample = load_and_preprocess_images(present, image_resolution=self.resolution)
/users/tnanni/ghost/preprocessing/run_vggt.py:224: UserWarning: Found images with different shapes: {(448, 592), (432, 592), (432, 608)}; padding to a common size.
  sample = load_and_preprocess_images(present, image_resolution=self.resolution)
INFO preprocessing.run_vggt:   VGGT-Omega output resolution: 448×608
INFO preprocessing.run_vggt:   VGGT-Omega output resolution: 448×608
/users/tnanni/ghost/preprocessing/run_vggt.py:172: UserWarning: Found images with different shapes: {(448, 592), (432, 592), (432, 608)}; padding to a common size.
  images = load_and_preprocess_images(
/users/tnanni/ghost/preprocessing/run_vggt.py:172: UserWarning: Found images with different shapes: {(448, 592), (432, 592), (432, 608)}; padding to a common size.
  images = load_and_preprocess_images(
/users/tnanni/ghost/preprocessing/run_vggt.py:172: UserWarning: Found images with different shapes: {(448, 592), (432, 592), (432, 608)}; padding to a common size.
  images = load_and_preprocess_images(
/users/tnanni/ghost/preprocessing/run_vggt.py:172: UserWarning: Found images with different shapes: {(448, 592), (432, 592), (432, 608)}; padding to a common size.
  images = load_and_preprocess_images(
INFO preprocessing.run_vggt:   [cuda:3] 20/205 frames done.
INFO preprocessing.run_vggt:   [cuda:0] 20/206 frames done.
INFO preprocessing.run_vggt:   [cuda:1] 20/205 frames done.
INFO preprocessing.run_vggt:   [cuda:2] 20/205 frames done.
INFO preprocessing.run_vggt:   [cuda:3] 40/205 frames done.
INFO preprocessing.run_vggt:   [cuda:1] 40/205 frames done.
INFO preprocessing.run_vggt:   [cuda:0] 40/206 frames done.
INFO preprocessing.run_vggt:   [cuda:2] 40/205 frames done.
INFO preprocessing.run_vggt:   [cuda:3] 60/205 frames done.
INFO preprocessing.run_vggt:   [cuda:0] 60/206 frames done.
INFO preprocessing.run_vggt:   [cuda:1] 60/205 frames done.
INFO preprocessing.run_vggt:   [cuda:2] 60/205 frames done.
INFO preprocessing.run_vggt:   [cuda:3] 80/205 frames done.
INFO preprocessing.run_vggt:   [cuda:0] 80/206 frames done.
INFO preprocessing.run_vggt:   [cuda:1] 80/205 frames done.
INFO preprocessing.run_vggt:   [cuda:2] 80/205 frames done.
INFO preprocessing.run_vggt:   [cuda:3] 100/205 frames done.
INFO preprocessing.run_vggt:   [cuda:0] 100/206 frames done.
INFO preprocessing.run_vggt:   [cuda:1] 100/205 frames done.
INFO preprocessing.run_vggt:   [cuda:2] 100/205 frames done.
INFO preprocessing.run_vggt:   [cuda:3] 120/205 frames done.
INFO preprocessing.run_vggt:   [cuda:0] 120/206 frames done.
INFO preprocessing.run_vggt:   [cuda:1] 120/205 frames done.
INFO preprocessing.run_vggt:   [cuda:2] 120/205 frames done.
INFO preprocessing.run_vggt:   [cuda:3] 140/205 frames done.
INFO preprocessing.run_vggt:   [cuda:0] 140/206 frames done.
INFO preprocessing.run_vggt:   [cuda:1] 140/205 frames done.
INFO preprocessing.run_vggt:   [cuda:2] 140/205 frames done.
INFO preprocessing.run_vggt:   [cuda:3] 160/205 frames done.
INFO preprocessing.run_vggt:   [cuda:0] 160/206 frames done.
INFO preprocessing.run_vggt:   [cuda:1] 160/205 frames done.
INFO preprocessing.run_vggt:   [cuda:2] 160/205 frames done.
INFO preprocessing.run_vggt:   [cuda:3] 180/205 frames done.
INFO preprocessing.run_vggt:   [cuda:0] 180/206 frames done.
INFO preprocessing.run_vggt:   [cuda:1] 180/205 frames done.
INFO preprocessing.run_vggt:   [cuda:2] 180/205 frames done.
INFO preprocessing.run_vggt:   [cuda:3] 200/205 frames done.
INFO preprocessing.run_vggt:   [cuda:0] 200/206 frames done.
INFO preprocessing.run_vggt:   [cuda:3] 205/205 frames done.
INFO preprocessing.run_vggt:   [cuda:1] 200/205 frames done.
INFO preprocessing.run_vggt:   [cuda:2] 200/205 frames done.
INFO preprocessing.run_vggt:   [cuda:0] 206/206 frames done.
INFO preprocessing.run_vggt:   [cuda:1] 205/205 frames done.
INFO preprocessing.run_vggt:   [cuda:2] 205/205 frames done.
[2026-08-07T18:40:25.038] error: *** JOB 3031597 ON nid006212 CANCELLED AT 2026-08-07T18:40:25 DUE TO TIME LIMIT ***
