 WARN The package `fsspec==2026.4.0` does not have an extra named `http`
 WARN The package `fsspec==2026.4.0` does not have an extra named `http`
INFO __main__: VGGT weights: checkpoints/vggt_omega/vggt_omega_1b_512.pt  devices: ['cuda:0', 'cuda:1', 'cuda:2', 'cuda:3']
INFO preprocessing.run_vggt: Loading VGGT-Omega on cuda:0 from 'checkpoints/vggt_omega/vggt_omega_1b_512.pt' …
INFO dinov3: using base=100 for rope new
INFO dinov3: using min_period=None for rope new
INFO dinov3: using max_period=None for rope new
INFO dinov3: using normalize_coords=max for rope new
INFO dinov3: using shift_coords=None for rope new
INFO dinov3: using rescale_coords=None for rope new
INFO dinov3: using jitter_coords=None for rope new
INFO dinov3: using dtype=fp32 for rope new
INFO dinov3: using mlp layer as FFN
INFO preprocessing.run_vggt: VGGT-Omega ready.
INFO __main__: MapAnything: device=cuda:0  batch_size=8
INFO __main__: Reading images from /tmp/centered_test_3032049 (centered-crop tree)
INFO __main__: Found 52 scene(s).
INFO __main__: Gym_010_cooking1: all 1 trial(s) already built -- skipping
INFO __main__: Gym_010_dips1: all 1 trial(s) already built -- skipping
INFO __main__: Gym_010_dips2: all 1 trial(s) already built -- skipping
INFO __main__: Gym_010_lunge1: all 1 trial(s) already built -- skipping
INFO __main__: Gym_010_lunge2: all 1 trial(s) already built -- skipping
INFO __main__: Gym_010_mountainclimber1: all 1 trial(s) already built -- skipping
INFO __main__: Gym_010_mountainclimber2: all 1 trial(s) already built -- skipping
INFO __main__: Gym_010_pushup1: all 1 trial(s) already built -- skipping
INFO __main__: Gym_010_pushup2: all 1 trial(s) already built -- skipping
INFO __main__: Gym_011_burpee2: all 1 trial(s) already built -- skipping
INFO __main__: Gym_011_cooking1: all 1 trial(s) already built -- skipping
INFO __main__: Gym_011_cooking2: all 1 trial(s) already built -- skipping
INFO __main__: Gym_011_dips1: all 1 trial(s) already built -- skipping
INFO __main__: Gym_011_dips2: all 1 trial(s) already built -- skipping
INFO __main__: Gym_011_dips3: all 1 trial(s) already built -- skipping
INFO __main__: Gym_011_dips4: all 1 trial(s) already built -- skipping
INFO __main__: Gym_011_pushup1: all 1 trial(s) already built -- skipping
INFO __main__: Gym_011_pushup2: all 1 trial(s) already built -- skipping
INFO __main__: Gym_012_cooking2: all 1 trial(s) already built -- skipping
INFO __main__: Gym_012_lunge1: all 1 trial(s) already built -- skipping
INFO __main__: Gym_012_lunge2: all 1 trial(s) already built -- skipping
INFO __main__: Gym_012_pushup2: all 1 trial(s) already built -- skipping
INFO __main__: Gym_013_burpee4: all 1 trial(s) already built -- skipping
INFO __main__: Gym_013_dips1: all 1 trial(s) already built -- skipping
INFO __main__: Gym_013_dips2: all 1 trial(s) already built -- skipping
INFO __main__: Gym_013_dips3: all 1 trial(s) already built -- skipping
INFO __main__: Gym_013_lunge1: all 1 trial(s) already built -- skipping
INFO __main__: Gym_013_lunge2: all 1 trial(s) already built -- skipping
INFO __main__: 
============================================================
Scene: Gym_013_pushup1  cameras=['cam_00', 'cam_03', 'cam_04', 'cam_05']  sync persons=[1]
INFO __main__: 
-- Trial 1/1 --
INFO __main__:   true shifts: {'cam_00': 0, 'cam_03': -37, 'cam_04': 25, 'cam_05': 14}  end_cuts: {'cam_00': 20, 'cam_03': 19, 'cam_04': 39, 'cam_05': 3}
INFO __main__:   shift_hat:   {'cam_00': 0, 'cam_03': -37, 'cam_04': 25, 'cam_05': 14}  |err|={'cam_00': 0, 'cam_03': 0, 'cam_04': 0, 'cam_05': 0}
INFO preprocessing.run_vggt: Loading VGGT-Omega on cuda:1 from 'checkpoints/vggt_omega/vggt_omega_1b_512.pt' …
INFO preprocessing.run_vggt: Loading VGGT-Omega on cuda:0 from 'checkpoints/vggt_omega/vggt_omega_1b_512.pt' …
INFO preprocessing.run_vggt: Loading VGGT-Omega on cuda:3 from 'checkpoints/vggt_omega/vggt_omega_1b_512.pt' …
INFO preprocessing.run_vggt: Loading VGGT-Omega on cuda:2 from 'checkpoints/vggt_omega/vggt_omega_1b_512.pt' …
INFO dinov3: using base=100 for rope new
INFO dinov3: using min_period=None for rope new
INFO dinov3: using max_period=None for rope new
INFO dinov3: using normalize_coords=max for rope new
INFO dinov3: using shift_coords=None for rope new
INFO dinov3: using rescale_coords=None for rope new
INFO dinov3: using jitter_coords=None for rope new
INFO dinov3: using dtype=fp32 for rope new
INFO dinov3: using base=100 for rope new
INFO dinov3: using min_period=None for rope new
INFO dinov3: using max_period=None for rope new
INFO dinov3: using base=100 for rope new
INFO dinov3: using normalize_coords=max for rope new
INFO dinov3: using shift_coords=None for rope new
INFO dinov3: using min_period=None for rope new
INFO dinov3: using rescale_coords=None for rope new
INFO dinov3: using max_period=None for rope new
INFO dinov3: using jitter_coords=None for rope new
INFO dinov3: using normalize_coords=max for rope new
INFO dinov3: using dtype=fp32 for rope new
INFO dinov3: using shift_coords=None for rope new
INFO dinov3: using rescale_coords=None for rope new
INFO dinov3: using jitter_coords=None for rope new
INFO dinov3: using dtype=fp32 for rope new
INFO dinov3: using base=100 for rope new
INFO dinov3: using min_period=None for rope new
INFO dinov3: using max_period=None for rope new
INFO dinov3: using mlp layer as FFN
INFO dinov3: using normalize_coords=max for rope new
INFO dinov3: using shift_coords=None for rope new
INFO dinov3: using rescale_coords=None for rope new
INFO dinov3: using jitter_coords=None for rope new
INFO dinov3: using dtype=fp32 for rope new
INFO dinov3: using mlp layer as FFN
INFO dinov3: using mlp layer as FFN
INFO dinov3: using mlp layer as FFN
INFO preprocessing.run_vggt: VGGT-Omega ready.
INFO preprocessing.run_vggt: VGGT-Omega ready.
INFO preprocessing.run_vggt: VGGT-Omega ready.
INFO preprocessing.run_vggt: VGGT-Omega ready.
/users/tnanni/ghost/preprocessing/run_vggt.py:224: UserWarning: Found images with different shapes: {(448, 592), (432, 592), (432, 608)}; padding to a common size.
  sample = load_and_preprocess_images(present, image_resolution=self.resolution)
INFO preprocessing.run_vggt:   VGGT-Omega output resolution: 448×608
/users/tnanni/ghost/preprocessing/run_vggt.py:224: UserWarning: Found images with different shapes: {(448, 592), (432, 592), (432, 608)}; padding to a common size.
  sample = load_and_preprocess_images(present, image_resolution=self.resolution)
INFO preprocessing.run_vggt:   VGGT-Omega output resolution: 448×608
/users/tnanni/ghost/preprocessing/run_vggt.py:224: UserWarning: Found images with different shapes: {(448, 592), (432, 592), (432, 608)}; padding to a common size.
  sample = load_and_preprocess_images(present, image_resolution=self.resolution)
/users/tnanni/ghost/preprocessing/run_vggt.py:224: UserWarning: Found images with different shapes: {(448, 592), (432, 592), (432, 608)}; padding to a common size.
  sample = load_and_preprocess_images(present, image_resolution=self.resolution)
INFO preprocessing.run_vggt:   VGGT-Omega output resolution: 448×608
INFO preprocessing.run_vggt:   VGGT-Omega output resolution: 448×608
/users/tnanni/ghost/preprocessing/run_vggt.py:172: UserWarning: Found images with different shapes: {(448, 592), (432, 592), (432, 608)}; padding to a common size.
  images = load_and_preprocess_images(
/users/tnanni/ghost/preprocessing/run_vggt.py:172: UserWarning: Found images with different shapes: {(448, 592), (432, 592), (432, 608)}; padding to a common size.
  images = load_and_preprocess_images(
/users/tnanni/ghost/preprocessing/run_vggt.py:172: UserWarning: Found images with different shapes: {(448, 592), (432, 592), (432, 608)}; padding to a common size.
  images = load_and_preprocess_images(
/users/tnanni/ghost/preprocessing/run_vggt.py:172: UserWarning: Found images with different shapes: {(448, 592), (432, 592), (432, 608)}; padding to a common size.
  images = load_and_preprocess_images(
INFO preprocessing.run_vggt:   [cuda:0] 20/190 frames done.
INFO preprocessing.run_vggt:   [cuda:2] 20/190 frames done.
INFO preprocessing.run_vggt:   [cuda:1] 20/190 frames done.
INFO preprocessing.run_vggt:   [cuda:3] 20/189 frames done.
INFO preprocessing.run_vggt:   [cuda:0] 40/190 frames done.
INFO preprocessing.run_vggt:   [cuda:1] 40/190 frames done.
INFO preprocessing.run_vggt:   [cuda:3] 40/189 frames done.
INFO preprocessing.run_vggt:   [cuda:2] 40/190 frames done.
INFO preprocessing.run_vggt:   [cuda:1] 60/190 frames done.
INFO preprocessing.run_vggt:   [cuda:0] 60/190 frames done.
INFO preprocessing.run_vggt:   [cuda:2] 60/190 frames done.
INFO preprocessing.run_vggt:   [cuda:3] 60/189 frames done.
INFO preprocessing.run_vggt:   [cuda:0] 80/190 frames done.
INFO preprocessing.run_vggt:   [cuda:1] 80/190 frames done.
INFO preprocessing.run_vggt:   [cuda:2] 80/190 frames done.
INFO preprocessing.run_vggt:   [cuda:3] 80/189 frames done.
INFO preprocessing.run_vggt:   [cuda:1] 100/190 frames done.
INFO preprocessing.run_vggt:   [cuda:0] 100/190 frames done.
INFO preprocessing.run_vggt:   [cuda:2] 100/190 frames done.
INFO preprocessing.run_vggt:   [cuda:3] 100/189 frames done.
INFO preprocessing.run_vggt:   [cuda:0] 120/190 frames done.
INFO preprocessing.run_vggt:   [cuda:1] 120/190 frames done.
INFO preprocessing.run_vggt:   [cuda:2] 120/190 frames done.
INFO preprocessing.run_vggt:   [cuda:3] 120/189 frames done.
INFO preprocessing.run_vggt:   [cuda:0] 140/190 frames done.
INFO preprocessing.run_vggt:   [cuda:1] 140/190 frames done.
INFO preprocessing.run_vggt:   [cuda:3] 140/189 frames done.
INFO preprocessing.run_vggt:   [cuda:2] 140/190 frames done.
INFO preprocessing.run_vggt:   [cuda:0] 160/190 frames done.
INFO preprocessing.run_vggt:   [cuda:1] 160/190 frames done.
INFO preprocessing.run_vggt:   [cuda:3] 160/189 frames done.
INFO preprocessing.run_vggt:   [cuda:2] 160/190 frames done.
INFO preprocessing.run_vggt:   [cuda:0] 180/190 frames done.
INFO preprocessing.run_vggt:   [cuda:1] 180/190 frames done.
INFO preprocessing.run_vggt:   [cuda:3] 180/189 frames done.
INFO preprocessing.run_vggt:   [cuda:2] 180/190 frames done.
INFO preprocessing.run_vggt:   [cuda:0] 190/190 frames done.
INFO preprocessing.run_vggt:   [cuda:1] 190/190 frames done.
INFO preprocessing.run_vggt:   [cuda:3] 189/189 frames done.
INFO preprocessing.run_vggt:   [cuda:2] 190/190 frames done.
INFO preprocessing.run_vggt: [rank 3] chunk saved → /tmp/tmpvcl0xvos/chunk_03.npz
INFO preprocessing.run_vggt: [rank 2] chunk saved → /tmp/tmpvcl0xvos/chunk_02.npz
INFO preprocessing.run_vggt: [rank 0] chunk saved → /tmp/tmpvcl0xvos/chunk_00.npz
INFO preprocessing.run_vggt: [rank 1] chunk saved → /tmp/tmpvcl0xvos/chunk_01.npz
INFO preprocessing.run_vggt: Saved cameras → /iopsstor/scratch/cscs/tnanni/ghost_outputs/rich_test_sync/Gym_013_pushup1/trial0/vggt_cameras_centered.npz  extrinsics shape=(759, 4, 3, 4)
INFO preprocessing.run_vggt: Depth stats → valid_frames=759/759  nonzero_pixels=826957824  raw depth: min=0.2261 max=9.3750 mean=0.8749
INFO preprocessing.run_vggt: Saved depth   → /iopsstor/scratch/cscs/tnanni/ghost_outputs/rich_test_sync/Gym_013_pushup1/trial0/vggt_depth_centered.npz  depth shape=(759, 4, 448, 608) dtype=uint16
INFO preprocessing.run_mapanything: Loading MapAnything from 'facebook/map-anything' on cuda:0 …
INFO httpx: HTTP Request: HEAD https://huggingface.co/facebook/map-anything/resolve/main/config.json "HTTP/1.1 307 Temporary Redirect"
INFO httpx: HTTP Request: HEAD https://huggingface.co/api/resolve-cache/models/facebook/map-anything/a1d87e9086706fb9974f3be5a3e3a0ca5401c5aa/config.json "HTTP/1.1 200 OK"
Using cache found in /users/tnanni/.cache/torch/hub/facebookresearch_dinov2_main
INFO httpx: HTTP Request: HEAD https://huggingface.co/facebook/map-anything/resolve/main/model.safetensors "HTTP/1.1 302 Found"
Warning: You are sending unauthenticated requests to the HF Hub. Please set a HF_TOKEN to enable higher rate limits and faster downloads.
WARNING huggingface_hub.utils._http: Warning: You are sending unauthenticated requests to the HF Hub. Please set a HF_TOKEN to enable higher rate limits and faster downloads.
INFO preprocessing.run_mapanything: MapAnything ready.
INFO preprocessing.run_mapanything: trial0: T=759  K=4  MA=448×602
INFO preprocessing.run_mapanything: trial0: scale mean=8.2447  std=0.1435  nan_filled=0  time=93.5s
INFO __main__:   Built /iopsstor/scratch/cscs/tnanni/ghost_outputs/rich_test_sync/Gym_013_pushup1/trial0  (sync_mae=0.00 frames)
INFO __main__: 
============================================================
Scene: Gym_013_pushup2  cameras=['cam_01', 'cam_02', 'cam_04', 'cam_05']  sync persons=[1]
INFO __main__: 
-- Trial 1/1 --
INFO __main__:   true shifts: {'cam_01': 0, 'cam_02': 18, 'cam_04': -27, 'cam_05': -37}  end_cuts: {'cam_01': 24, 'cam_02': 44, 'cam_04': 33, 'cam_05': 35}
INFO __main__:   shift_hat:   {'cam_01': 0, 'cam_02': 18, 'cam_04': -27, 'cam_05': -37}  |err|={'cam_01': 0, 'cam_02': 0, 'cam_04': 0, 'cam_05': 0}
INFO preprocessing.run_vggt: Loading VGGT-Omega on cuda:1 from 'checkpoints/vggt_omega/vggt_omega_1b_512.pt' …
INFO preprocessing.run_vggt: Loading VGGT-Omega on cuda:2 from 'checkpoints/vggt_omega/vggt_omega_1b_512.pt' …
INFO preprocessing.run_vggt: Loading VGGT-Omega on cuda:0 from 'checkpoints/vggt_omega/vggt_omega_1b_512.pt' …
INFO preprocessing.run_vggt: Loading VGGT-Omega on cuda:3 from 'checkpoints/vggt_omega/vggt_omega_1b_512.pt' …
INFO dinov3: using base=100 for rope new
INFO dinov3: using min_period=None for rope new
INFO dinov3: using max_period=None for rope new
INFO dinov3: using normalize_coords=max for rope new
INFO dinov3: using shift_coords=None for rope new
INFO dinov3: using rescale_coords=None for rope new
INFO dinov3: using jitter_coords=None for rope new
INFO dinov3: using dtype=fp32 for rope new
INFO dinov3: using base=100 for rope new
INFO dinov3: using min_period=None for rope new
INFO dinov3: using max_period=None for rope new
INFO dinov3: using base=100 for rope new
INFO dinov3: using normalize_coords=max for rope new
INFO dinov3: using shift_coords=None for rope new
INFO dinov3: using rescale_coords=None for rope new
INFO dinov3: using min_period=None for rope new
INFO dinov3: using jitter_coords=None for rope new
INFO dinov3: using dtype=fp32 for rope new
INFO dinov3: using max_period=None for rope new
INFO dinov3: using normalize_coords=max for rope new
INFO dinov3: using shift_coords=None for rope new
INFO dinov3: using rescale_coords=None for rope new
INFO dinov3: using base=100 for rope new
INFO dinov3: using jitter_coords=None for rope new
INFO dinov3: using dtype=fp32 for rope new
INFO dinov3: using min_period=None for rope new
INFO dinov3: using max_period=None for rope new
INFO dinov3: using normalize_coords=max for rope new
INFO dinov3: using shift_coords=None for rope new
INFO dinov3: using rescale_coords=None for rope new
INFO dinov3: using jitter_coords=None for rope new
INFO dinov3: using dtype=fp32 for rope new
INFO dinov3: using mlp layer as FFN
INFO dinov3: using mlp layer as FFN
INFO dinov3: using mlp layer as FFN
INFO dinov3: using mlp layer as FFN
INFO preprocessing.run_vggt: VGGT-Omega ready.
/users/tnanni/ghost/preprocessing/run_vggt.py:224: UserWarning: Found images with different shapes: {(448, 592), (432, 608)}; padding to a common size.
  sample = load_and_preprocess_images(present, image_resolution=self.resolution)
INFO preprocessing.run_vggt:   VGGT-Omega output resolution: 448×608
/users/tnanni/ghost/preprocessing/run_vggt.py:172: UserWarning: Found images with different shapes: {(448, 592), (432, 608)}; padding to a common size.
  images = load_and_preprocess_images(
INFO preprocessing.run_vggt: VGGT-Omega ready.
INFO preprocessing.run_vggt: VGGT-Omega ready.
INFO preprocessing.run_vggt: VGGT-Omega ready.
/users/tnanni/ghost/preprocessing/run_vggt.py:224: UserWarning: Found images with different shapes: {(448, 592), (432, 608)}; padding to a common size.
  sample = load_and_preprocess_images(present, image_resolution=self.resolution)
INFO preprocessing.run_vggt:   VGGT-Omega output resolution: 448×608
/users/tnanni/ghost/preprocessing/run_vggt.py:224: UserWarning: Found images with different shapes: {(448, 592), (432, 608)}; padding to a common size.
  sample = load_and_preprocess_images(present, image_resolution=self.resolution)
INFO preprocessing.run_vggt:   VGGT-Omega output resolution: 448×608
/users/tnanni/ghost/preprocessing/run_vggt.py:224: UserWarning: Found images with different shapes: {(448, 592), (432, 608)}; padding to a common size.
  sample = load_and_preprocess_images(present, image_resolution=self.resolution)
INFO preprocessing.run_vggt:   VGGT-Omega output resolution: 448×608
/users/tnanni/ghost/preprocessing/run_vggt.py:172: UserWarning: Found images with different shapes: {(448, 592), (432, 608)}; padding to a common size.
  images = load_and_preprocess_images(
/users/tnanni/ghost/preprocessing/run_vggt.py:172: UserWarning: Found images with different shapes: {(448, 592), (432, 608)}; padding to a common size.
  images = load_and_preprocess_images(
/users/tnanni/ghost/preprocessing/run_vggt.py:172: UserWarning: Found images with different shapes: {(448, 592), (432, 608)}; padding to a common size.
  images = load_and_preprocess_images(
INFO preprocessing.run_vggt:   [cuda:2] 20/94 frames done.
INFO preprocessing.run_vggt:   [cuda:0] 20/95 frames done.
INFO preprocessing.run_vggt:   [cuda:3] 20/94 frames done.
INFO preprocessing.run_vggt:   [cuda:1] 20/95 frames done.
INFO preprocessing.run_vggt:   [cuda:2] 40/94 frames done.
INFO preprocessing.run_vggt:   [cuda:0] 40/95 frames done.
INFO preprocessing.run_vggt:   [cuda:3] 40/94 frames done.
INFO preprocessing.run_vggt:   [cuda:1] 40/95 frames done.
INFO preprocessing.run_vggt:   [cuda:2] 60/94 frames done.
INFO preprocessing.run_vggt:   [cuda:0] 60/95 frames done.
INFO preprocessing.run_vggt:   [cuda:3] 60/94 frames done.
INFO preprocessing.run_vggt:   [cuda:1] 60/95 frames done.
INFO preprocessing.run_vggt:   [cuda:2] 80/94 frames done.
INFO preprocessing.run_vggt:   [cuda:0] 80/95 frames done.
INFO preprocessing.run_vggt:   [cuda:3] 80/94 frames done.
INFO preprocessing.run_vggt:   [cuda:1] 80/95 frames done.
INFO preprocessing.run_vggt:   [cuda:2] 94/94 frames done.
INFO preprocessing.run_vggt:   [cuda:3] 94/94 frames done.
INFO preprocessing.run_vggt:   [cuda:0] 95/95 frames done.
INFO preprocessing.run_vggt:   [cuda:1] 95/95 frames done.
INFO preprocessing.run_vggt: [rank 3] chunk saved → /tmp/tmpwqb6_aic/chunk_03.npz
INFO preprocessing.run_vggt: [rank 2] chunk saved → /tmp/tmpwqb6_aic/chunk_02.npz
INFO preprocessing.run_vggt: [rank 0] chunk saved → /tmp/tmpwqb6_aic/chunk_00.npz
INFO preprocessing.run_vggt: [rank 1] chunk saved → /tmp/tmpwqb6_aic/chunk_01.npz
INFO preprocessing.run_vggt: Saved cameras → /iopsstor/scratch/cscs/tnanni/ghost_outputs/rich_test_sync/Gym_013_pushup2/trial0/vggt_cameras_centered.npz  extrinsics shape=(378, 4, 3, 4)
INFO preprocessing.run_vggt: Depth stats → valid_frames=378/378  nonzero_pixels=411844608  raw depth: min=0.2052 max=8.0938 mean=0.8948
INFO preprocessing.run_vggt: Saved depth   → /iopsstor/scratch/cscs/tnanni/ghost_outputs/rich_test_sync/Gym_013_pushup2/trial0/vggt_depth_centered.npz  depth shape=(378, 4, 448, 608) dtype=uint16
INFO preprocessing.run_mapanything: trial0: T=378  K=4  MA=448×602
INFO preprocessing.run_mapanything: trial0: scale mean=8.5119  std=0.4067  nan_filled=0  time=46.5s
INFO __main__:   Built /iopsstor/scratch/cscs/tnanni/ghost_outputs/rich_test_sync/Gym_013_pushup2/trial0  (sync_mae=0.00 frames)
INFO __main__: 
============================================================
Scene: LectureHall_009_021_reparingprojector1  cameras=['cam_00', 'cam_03', 'cam_04', 'cam_05']  sync persons=[1, 2]
INFO __main__: 
-- Trial 1/1 --
INFO __main__:   true shifts: {'cam_00': 0, 'cam_03': 20, 'cam_04': 26, 'cam_05': 1}  end_cuts: {'cam_00': 5, 'cam_03': 38, 'cam_04': 20, 'cam_05': 23}
INFO __main__:   shift_hat:   {'cam_00': 0, 'cam_03': 20, 'cam_04': 26, 'cam_05': 1}  |err|={'cam_00': 0, 'cam_03': 0, 'cam_04': 0, 'cam_05': 0}
INFO preprocessing.run_vggt: Loading VGGT-Omega on cuda:3 from 'checkpoints/vggt_omega/vggt_omega_1b_512.pt' …
INFO preprocessing.run_vggt: Loading VGGT-Omega on cuda:1 from 'checkpoints/vggt_omega/vggt_omega_1b_512.pt' …
INFO preprocessing.run_vggt: Loading VGGT-Omega on cuda:2 from 'checkpoints/vggt_omega/vggt_omega_1b_512.pt' …
INFO preprocessing.run_vggt: Loading VGGT-Omega on cuda:0 from 'checkpoints/vggt_omega/vggt_omega_1b_512.pt' …
INFO dinov3: using base=100 for rope new
INFO dinov3: using base=100 for rope new
INFO dinov3: using min_period=None for rope new
INFO dinov3: using min_period=None for rope new
INFO dinov3: using max_period=None for rope new
INFO dinov3: using max_period=None for rope new
INFO dinov3: using normalize_coords=max for rope new
INFO dinov3: using normalize_coords=max for rope new
INFO dinov3: using shift_coords=None for rope new
INFO dinov3: using shift_coords=None for rope new
INFO dinov3: using rescale_coords=None for rope new
INFO dinov3: using rescale_coords=None for rope new
INFO dinov3: using jitter_coords=None for rope new
INFO dinov3: using jitter_coords=None for rope new
INFO dinov3: using dtype=fp32 for rope new
INFO dinov3: using base=100 for rope new
INFO dinov3: using dtype=fp32 for rope new
INFO dinov3: using base=100 for rope new
INFO dinov3: using min_period=None for rope new
INFO dinov3: using max_period=None for rope new
INFO dinov3: using min_period=None for rope new
INFO dinov3: using normalize_coords=max for rope new
INFO dinov3: using max_period=None for rope new
INFO dinov3: using shift_coords=None for rope new
INFO dinov3: using normalize_coords=max for rope new
INFO dinov3: using rescale_coords=None for rope new
INFO dinov3: using shift_coords=None for rope new
INFO dinov3: using jitter_coords=None for rope new
INFO dinov3: using rescale_coords=None for rope new
INFO dinov3: using dtype=fp32 for rope new
INFO dinov3: using jitter_coords=None for rope new
INFO dinov3: using dtype=fp32 for rope new
INFO dinov3: using mlp layer as FFN
INFO dinov3: using mlp layer as FFN
INFO dinov3: using mlp layer as FFN
INFO dinov3: using mlp layer as FFN
INFO preprocessing.run_vggt: VGGT-Omega ready.
INFO preprocessing.run_vggt: VGGT-Omega ready.
INFO preprocessing.run_vggt: VGGT-Omega ready.
INFO preprocessing.run_vggt: VGGT-Omega ready.
/users/tnanni/ghost/preprocessing/run_vggt.py:224: UserWarning: Found images with different shapes: {(448, 592), (432, 592)}; padding to a common size.
  sample = load_and_preprocess_images(present, image_resolution=self.resolution)
INFO preprocessing.run_vggt:   VGGT-Omega output resolution: 448×592
/users/tnanni/ghost/preprocessing/run_vggt.py:172: UserWarning: Found images with different shapes: {(448, 592), (432, 592)}; padding to a common size.
  images = load_and_preprocess_images(
/users/tnanni/ghost/preprocessing/run_vggt.py:224: UserWarning: Found images with different shapes: {(448, 592), (432, 592)}; padding to a common size.
  sample = load_and_preprocess_images(present, image_resolution=self.resolution)
INFO preprocessing.run_vggt:   VGGT-Omega output resolution: 448×592
/users/tnanni/ghost/preprocessing/run_vggt.py:224: UserWarning: Found images with different shapes: {(448, 592), (432, 592)}; padding to a common size.
  sample = load_and_preprocess_images(present, image_resolution=self.resolution)
INFO preprocessing.run_vggt:   VGGT-Omega output resolution: 448×592
/users/tnanni/ghost/preprocessing/run_vggt.py:224: UserWarning: Found images with different shapes: {(448, 592), (432, 592)}; padding to a common size.
  sample = load_and_preprocess_images(present, image_resolution=self.resolution)
INFO preprocessing.run_vggt:   VGGT-Omega output resolution: 448×592
/users/tnanni/ghost/preprocessing/run_vggt.py:172: UserWarning: Found images with different shapes: {(448, 592), (432, 592)}; padding to a common size.
  images = load_and_preprocess_images(
/users/tnanni/ghost/preprocessing/run_vggt.py:172: UserWarning: Found images with different shapes: {(448, 592), (432, 592)}; padding to a common size.
  images = load_and_preprocess_images(
/users/tnanni/ghost/preprocessing/run_vggt.py:172: UserWarning: Found images with different shapes: {(448, 592), (432, 592)}; padding to a common size.
  images = load_and_preprocess_images(
INFO preprocessing.run_vggt:   [cuda:0] 20/109 frames done.
INFO preprocessing.run_vggt:   [cuda:3] 20/108 frames done.
INFO preprocessing.run_vggt:   [cuda:2] 20/109 frames done.
INFO preprocessing.run_vggt:   [cuda:1] 20/109 frames done.
INFO preprocessing.run_vggt:   [cuda:0] 40/109 frames done.
INFO preprocessing.run_vggt:   [cuda:2] 40/109 frames done.
INFO preprocessing.run_vggt:   [cuda:3] 40/108 frames done.
INFO preprocessing.run_vggt:   [cuda:1] 40/109 frames done.
INFO preprocessing.run_vggt:   [cuda:0] 60/109 frames done.
INFO preprocessing.run_vggt:   [cuda:3] 60/108 frames done.
INFO preprocessing.run_vggt:   [cuda:2] 60/109 frames done.
INFO preprocessing.run_vggt:   [cuda:1] 60/109 frames done.
INFO preprocessing.run_vggt:   [cuda:0] 80/109 frames done.
INFO preprocessing.run_vggt:   [cuda:3] 80/108 frames done.
INFO preprocessing.run_vggt:   [cuda:2] 80/109 frames done.
INFO preprocessing.run_vggt:   [cuda:1] 80/109 frames done.
INFO preprocessing.run_vggt:   [cuda:0] 100/109 frames done.
INFO preprocessing.run_vggt:   [cuda:2] 100/109 frames done.
INFO preprocessing.run_vggt:   [cuda:3] 100/108 frames done.
INFO preprocessing.run_vggt:   [cuda:1] 100/109 frames done.
INFO preprocessing.run_vggt:   [cuda:0] 109/109 frames done.
INFO preprocessing.run_vggt:   [cuda:3] 108/108 frames done.
INFO preprocessing.run_vggt:   [cuda:2] 109/109 frames done.
INFO preprocessing.run_vggt:   [cuda:1] 109/109 frames done.
INFO preprocessing.run_vggt: [rank 0] chunk saved → /tmp/tmpmyxuxqfl/chunk_00.npz
INFO preprocessing.run_vggt: [rank 3] chunk saved → /tmp/tmpmyxuxqfl/chunk_03.npz
INFO preprocessing.run_vggt: [rank 2] chunk saved → /tmp/tmpmyxuxqfl/chunk_02.npz
INFO preprocessing.run_vggt: [rank 1] chunk saved → /tmp/tmpmyxuxqfl/chunk_01.npz
INFO preprocessing.run_vggt: Saved cameras → /iopsstor/scratch/cscs/tnanni/ghost_outputs/rich_test_sync/LectureHall_009_021_reparingprojector1/trial0/vggt_cameras_centered.npz  extrinsics shape=(435, 4, 3, 4)
INFO preprocessing.run_vggt: Depth stats → valid_frames=435/435  nonzero_pixels=461475840  raw depth: min=0.2279 max=7.2148 mean=1.0071
INFO preprocessing.run_vggt: Saved depth   → /iopsstor/scratch/cscs/tnanni/ghost_outputs/rich_test_sync/LectureHall_009_021_reparingprojector1/trial0/vggt_depth_centered.npz  depth shape=(435, 4, 448, 592) dtype=uint16
INFO preprocessing.run_mapanything: trial0: T=435  K=4  MA=448×588
INFO preprocessing.run_mapanything: trial0: scale mean=6.5305  std=0.1924  nan_filled=0  time=52.2s
INFO __main__:   Built /iopsstor/scratch/cscs/tnanni/ghost_outputs/rich_test_sync/LectureHall_009_021_reparingprojector1/trial0  (sync_mae=0.00 frames)
INFO __main__: 
============================================================
Scene: LectureHall_009_sidebalancerun1  cameras=['cam_00', 'cam_01', 'cam_04', 'cam_05']  sync persons=[1]
INFO __main__: 
-- Trial 1/1 --
INFO __main__:   true shifts: {'cam_00': 0, 'cam_01': -12, 'cam_04': -29, 'cam_05': 39}  end_cuts: {'cam_00': 35, 'cam_01': 29, 'cam_04': 18, 'cam_05': 37}
INFO __main__:   shift_hat:   {'cam_00': 0, 'cam_01': -12, 'cam_04': -29, 'cam_05': 38}  |err|={'cam_00': 0, 'cam_01': 0, 'cam_04': 0, 'cam_05': 1}
INFO preprocessing.run_vggt: Loading VGGT-Omega on cuda:3 from 'checkpoints/vggt_omega/vggt_omega_1b_512.pt' …
INFO dinov3: using base=100 for rope new
INFO dinov3: using min_period=None for rope new
INFO dinov3: using max_period=None for rope new
INFO dinov3: using normalize_coords=max for rope new
INFO dinov3: using shift_coords=None for rope new
INFO dinov3: using rescale_coords=None for rope new
INFO dinov3: using jitter_coords=None for rope new
INFO dinov3: using dtype=fp32 for rope new
INFO dinov3: using mlp layer as FFN
INFO preprocessing.run_vggt: Loading VGGT-Omega on cuda:1 from 'checkpoints/vggt_omega/vggt_omega_1b_512.pt' …
INFO dinov3: using base=100 for rope new
INFO preprocessing.run_vggt: Loading VGGT-Omega on cuda:0 from 'checkpoints/vggt_omega/vggt_omega_1b_512.pt' …
INFO dinov3: using min_period=None for rope new
INFO dinov3: using max_period=None for rope new
INFO dinov3: using normalize_coords=max for rope new
INFO dinov3: using shift_coords=None for rope new
INFO dinov3: using rescale_coords=None for rope new
INFO dinov3: using jitter_coords=None for rope new
INFO dinov3: using dtype=fp32 for rope new
INFO dinov3: using mlp layer as FFN
INFO dinov3: using base=100 for rope new
INFO dinov3: using min_period=None for rope new
INFO dinov3: using max_period=None for rope new
INFO dinov3: using normalize_coords=max for rope new
INFO dinov3: using shift_coords=None for rope new
INFO dinov3: using rescale_coords=None for rope new
INFO dinov3: using jitter_coords=None for rope new
INFO dinov3: using dtype=fp32 for rope new
INFO dinov3: using mlp layer as FFN
INFO preprocessing.run_vggt: Loading VGGT-Omega on cuda:2 from 'checkpoints/vggt_omega/vggt_omega_1b_512.pt' …
INFO dinov3: using base=100 for rope new
INFO dinov3: using min_period=None for rope new
INFO dinov3: using max_period=None for rope new
INFO dinov3: using normalize_coords=max for rope new
INFO dinov3: using shift_coords=None for rope new
INFO dinov3: using rescale_coords=None for rope new
INFO dinov3: using jitter_coords=None for rope new
INFO dinov3: using dtype=fp32 for rope new
INFO dinov3: using mlp layer as FFN
INFO preprocessing.run_vggt: VGGT-Omega ready.
INFO preprocessing.run_vggt: VGGT-Omega ready.
INFO preprocessing.run_vggt: VGGT-Omega ready.
INFO preprocessing.run_vggt: VGGT-Omega ready.
/users/tnanni/ghost/preprocessing/run_vggt.py:224: UserWarning: Found images with different shapes: {(448, 592), (432, 592)}; padding to a common size.
  sample = load_and_preprocess_images(present, image_resolution=self.resolution)
INFO preprocessing.run_vggt:   VGGT-Omega output resolution: 448×592
/users/tnanni/ghost/preprocessing/run_vggt.py:224: UserWarning: Found images with different shapes: {(448, 592), (432, 592)}; padding to a common size.
  sample = load_and_preprocess_images(present, image_resolution=self.resolution)
INFO preprocessing.run_vggt:   VGGT-Omega output resolution: 448×592
/users/tnanni/ghost/preprocessing/run_vggt.py:224: UserWarning: Found images with different shapes: {(448, 592), (432, 592)}; padding to a common size.
  sample = load_and_preprocess_images(present, image_resolution=self.resolution)
INFO preprocessing.run_vggt:   VGGT-Omega output resolution: 448×592
/users/tnanni/ghost/preprocessing/run_vggt.py:224: UserWarning: Found images with different shapes: {(448, 592), (432, 592)}; padding to a common size.
  sample = load_and_preprocess_images(present, image_resolution=self.resolution)
INFO preprocessing.run_vggt:   VGGT-Omega output resolution: 448×592
/users/tnanni/ghost/preprocessing/run_vggt.py:172: UserWarning: Found images with different shapes: {(448, 592), (432, 592)}; padding to a common size.
  images = load_and_preprocess_images(
/users/tnanni/ghost/preprocessing/run_vggt.py:172: UserWarning: Found images with different shapes: {(448, 592), (432, 592)}; padding to a common size.
  images = load_and_preprocess_images(
/users/tnanni/ghost/preprocessing/run_vggt.py:172: UserWarning: Found images with different shapes: {(448, 592), (432, 592)}; padding to a common size.
  images = load_and_preprocess_images(
/users/tnanni/ghost/preprocessing/run_vggt.py:172: UserWarning: Found images with different shapes: {(448, 592), (432, 592)}; padding to a common size.
  images = load_and_preprocess_images(
INFO preprocessing.run_vggt:   [cuda:2] 20/142 frames done.
INFO preprocessing.run_vggt:   [cuda:0] 20/143 frames done.
INFO preprocessing.run_vggt:   [cuda:3] 20/142 frames done.
INFO preprocessing.run_vggt:   [cuda:1] 20/142 frames done.
INFO preprocessing.run_vggt:   [cuda:0] 40/143 frames done.
INFO preprocessing.run_vggt:   [cuda:2] 40/142 frames done.
INFO preprocessing.run_vggt:   [cuda:3] 40/142 frames done.
INFO preprocessing.run_vggt:   [cuda:1] 40/142 frames done.
INFO preprocessing.run_vggt:   [cuda:2] 60/142 frames done.
INFO preprocessing.run_vggt:   [cuda:0] 60/143 frames done.
INFO preprocessing.run_vggt:   [cuda:3] 60/142 frames done.
INFO preprocessing.run_vggt:   [cuda:1] 60/142 frames done.
INFO preprocessing.run_vggt:   [cuda:2] 80/142 frames done.
INFO preprocessing.run_vggt:   [cuda:0] 80/143 frames done.
INFO preprocessing.run_vggt:   [cuda:3] 80/142 frames done.
INFO preprocessing.run_vggt:   [cuda:1] 80/142 frames done.
INFO preprocessing.run_vggt:   [cuda:3] 100/142 frames done.
INFO preprocessing.run_vggt:   [cuda:2] 100/142 frames done.
INFO preprocessing.run_vggt:   [cuda:0] 100/143 frames done.
INFO preprocessing.run_vggt:   [cuda:1] 100/142 frames done.
INFO preprocessing.run_vggt:   [cuda:3] 120/142 frames done.
INFO preprocessing.run_vggt:   [cuda:2] 120/142 frames done.
INFO preprocessing.run_vggt:   [cuda:0] 120/143 frames done.
INFO preprocessing.run_vggt:   [cuda:1] 120/142 frames done.
INFO preprocessing.run_vggt:   [cuda:3] 140/142 frames done.
INFO preprocessing.run_vggt:   [cuda:2] 140/142 frames done.
INFO preprocessing.run_vggt:   [cuda:0] 140/143 frames done.
INFO preprocessing.run_vggt:   [cuda:3] 142/142 frames done.
INFO preprocessing.run_vggt:   [cuda:2] 142/142 frames done.
INFO preprocessing.run_vggt:   [cuda:1] 140/142 frames done.
INFO preprocessing.run_vggt:   [cuda:0] 143/143 frames done.
INFO preprocessing.run_vggt:   [cuda:1] 142/142 frames done.
INFO preprocessing.run_vggt: [rank 2] chunk saved → /tmp/tmpktxk1qlf/chunk_02.npz
INFO preprocessing.run_vggt: [rank 1] chunk saved → /tmp/tmpktxk1qlf/chunk_01.npz
INFO preprocessing.run_vggt: [rank 0] chunk saved → /tmp/tmpktxk1qlf/chunk_00.npz
INFO preprocessing.run_vggt: [rank 3] chunk saved → /tmp/tmpktxk1qlf/chunk_03.npz
INFO preprocessing.run_vggt: Saved cameras → /iopsstor/scratch/cscs/tnanni/ghost_outputs/rich_test_sync/LectureHall_009_sidebalancerun1/trial0/vggt_cameras_centered.npz  extrinsics shape=(569, 4, 3, 4)
INFO preprocessing.run_vggt: Depth stats → valid_frames=569/569  nonzero_pixels=603631616  raw depth: min=0.1772 max=12.0000 mean=1.0439
INFO preprocessing.run_vggt: Saved depth   → /iopsstor/scratch/cscs/tnanni/ghost_outputs/rich_test_sync/LectureHall_009_sidebalancerun1/trial0/vggt_depth_centered.npz  depth shape=(569, 4, 448, 592) dtype=uint16
INFO preprocessing.run_mapanything: trial0: T=569  K=4  MA=448×588
INFO preprocessing.run_mapanything: trial0: scale mean=6.2623  std=0.1671  nan_filled=0  time=67.7s
INFO __main__:   Built /iopsstor/scratch/cscs/tnanni/ghost_outputs/rich_test_sync/LectureHall_009_sidebalancerun1/trial0  (sync_mae=0.25 frames)
INFO __main__: 
============================================================
Scene: LectureHall_010_plankjack1  cameras=['cam_00', 'cam_02', 'cam_04', 'cam_06']  sync persons=[1]
INFO __main__: 
-- Trial 1/1 --
INFO __main__:   true shifts: {'cam_00': 0, 'cam_02': 4, 'cam_04': -5, 'cam_06': -5}  end_cuts: {'cam_00': 10, 'cam_02': 4, 'cam_04': 25, 'cam_06': 40}
INFO __main__:   shift_hat:   {'cam_00': 0, 'cam_02': 3, 'cam_04': -6, 'cam_06': -6}  |err|={'cam_00': 0, 'cam_02': 1, 'cam_04': 1, 'cam_06': 1}
INFO preprocessing.run_vggt: Loading VGGT-Omega on cuda:0 from 'checkpoints/vggt_omega/vggt_omega_1b_512.pt' …
INFO preprocessing.run_vggt: Loading VGGT-Omega on cuda:1 from 'checkpoints/vggt_omega/vggt_omega_1b_512.pt' …
INFO preprocessing.run_vggt: Loading VGGT-Omega on cuda:2 from 'checkpoints/vggt_omega/vggt_omega_1b_512.pt' …
INFO dinov3: using base=100 for rope new
INFO dinov3: using min_period=None for rope new
INFO dinov3: using max_period=None for rope new
INFO dinov3: using base=100 for rope new
INFO dinov3: using normalize_coords=max for rope new
INFO dinov3: using shift_coords=None for rope new
INFO dinov3: using rescale_coords=None for rope new
INFO dinov3: using min_period=None for rope new
INFO dinov3: using jitter_coords=None for rope new
INFO dinov3: using dtype=fp32 for rope new
INFO dinov3: using max_period=None for rope new
INFO dinov3: using normalize_coords=max for rope new
INFO dinov3: using shift_coords=None for rope new
INFO dinov3: using rescale_coords=None for rope new
INFO dinov3: using jitter_coords=None for rope new
INFO dinov3: using dtype=fp32 for rope new
INFO dinov3: using mlp layer as FFN
INFO dinov3: using mlp layer as FFN
INFO dinov3: using base=100 for rope new
INFO dinov3: using min_period=None for rope new
INFO dinov3: using max_period=None for rope new
INFO dinov3: using normalize_coords=max for rope new
INFO dinov3: using shift_coords=None for rope new
INFO dinov3: using rescale_coords=None for rope new
INFO dinov3: using jitter_coords=None for rope new
INFO dinov3: using dtype=fp32 for rope new
INFO dinov3: using mlp layer as FFN
INFO preprocessing.run_vggt: Loading VGGT-Omega on cuda:3 from 'checkpoints/vggt_omega/vggt_omega_1b_512.pt' …
INFO dinov3: using base=100 for rope new
INFO dinov3: using min_period=None for rope new
INFO dinov3: using max_period=None for rope new
INFO dinov3: using normalize_coords=max for rope new
INFO dinov3: using shift_coords=None for rope new
INFO dinov3: using rescale_coords=None for rope new
INFO dinov3: using jitter_coords=None for rope new
INFO dinov3: using dtype=fp32 for rope new
INFO dinov3: using mlp layer as FFN
INFO preprocessing.run_vggt: VGGT-Omega ready.
INFO preprocessing.run_vggt: VGGT-Omega ready.
INFO preprocessing.run_vggt: VGGT-Omega ready.
INFO preprocessing.run_vggt: VGGT-Omega ready.
/users/tnanni/ghost/preprocessing/run_vggt.py:224: UserWarning: Found images with different shapes: {(448, 592), (432, 608)}; padding to a common size.
  sample = load_and_preprocess_images(present, image_resolution=self.resolution)
INFO preprocessing.run_vggt:   VGGT-Omega output resolution: 448×608
/users/tnanni/ghost/preprocessing/run_vggt.py:224: UserWarning: Found images with different shapes: {(448, 592), (432, 608)}; padding to a common size.
  sample = load_and_preprocess_images(present, image_resolution=self.resolution)
INFO preprocessing.run_vggt:   VGGT-Omega output resolution: 448×608
/users/tnanni/ghost/preprocessing/run_vggt.py:224: UserWarning: Found images with different shapes: {(448, 592), (432, 608)}; padding to a common size.
  sample = load_and_preprocess_images(present, image_resolution=self.resolution)
INFO preprocessing.run_vggt:   VGGT-Omega output resolution: 448×608
/users/tnanni/ghost/preprocessing/run_vggt.py:224: UserWarning: Found images with different shapes: {(448, 592), (432, 608)}; padding to a common size.
  sample = load_and_preprocess_images(present, image_resolution=self.resolution)
INFO preprocessing.run_vggt:   VGGT-Omega output resolution: 448×608
/users/tnanni/ghost/preprocessing/run_vggt.py:172: UserWarning: Found images with different shapes: {(448, 592), (432, 608)}; padding to a common size.
  images = load_and_preprocess_images(
/users/tnanni/ghost/preprocessing/run_vggt.py:172: UserWarning: Found images with different shapes: {(448, 592), (432, 608)}; padding to a common size.
  images = load_and_preprocess_images(
/users/tnanni/ghost/preprocessing/run_vggt.py:172: UserWarning: Found images with different shapes: {(448, 592), (432, 608)}; padding to a common size.
  images = load_and_preprocess_images(
/users/tnanni/ghost/preprocessing/run_vggt.py:172: UserWarning: Found images with different shapes: {(448, 592), (432, 608)}; padding to a common size.
  images = load_and_preprocess_images(
INFO preprocessing.run_vggt:   [cuda:1] 20/121 frames done.
INFO preprocessing.run_vggt:   [cuda:2] 20/121 frames done.
INFO preprocessing.run_vggt:   [cuda:0] 20/121 frames done.
INFO preprocessing.run_vggt:   [cuda:3] 20/120 frames done.
INFO preprocessing.run_vggt:   [cuda:0] 40/121 frames done.
INFO preprocessing.run_vggt:   [cuda:1] 40/121 frames done.
INFO preprocessing.run_vggt:   [cuda:2] 40/121 frames done.
INFO preprocessing.run_vggt:   [cuda:3] 40/120 frames done.
INFO preprocessing.run_vggt:   [cuda:0] 60/121 frames done.
INFO preprocessing.run_vggt:   [cuda:2] 60/121 frames done.
INFO preprocessing.run_vggt:   [cuda:1] 60/121 frames done.
INFO preprocessing.run_vggt:   [cuda:3] 60/120 frames done.
INFO preprocessing.run_vggt:   [cuda:0] 80/121 frames done.
INFO preprocessing.run_vggt:   [cuda:1] 80/121 frames done.
INFO preprocessing.run_vggt:   [cuda:2] 80/121 frames done.
INFO preprocessing.run_vggt:   [cuda:3] 80/120 frames done.
INFO preprocessing.run_vggt:   [cuda:0] 100/121 frames done.
INFO preprocessing.run_vggt:   [cuda:2] 100/121 frames done.
INFO preprocessing.run_vggt:   [cuda:1] 100/121 frames done.
INFO preprocessing.run_vggt:   [cuda:3] 100/120 frames done.
INFO preprocessing.run_vggt:   [cuda:0] 120/121 frames done.
INFO preprocessing.run_vggt:   [cuda:1] 120/121 frames done.
INFO preprocessing.run_vggt:   [cuda:2] 120/121 frames done.
INFO preprocessing.run_vggt:   [cuda:0] 121/121 frames done.
INFO preprocessing.run_vggt:   [cuda:2] 121/121 frames done.
INFO preprocessing.run_vggt:   [cuda:1] 121/121 frames done.
INFO preprocessing.run_vggt:   [cuda:3] 120/120 frames done.
INFO preprocessing.run_vggt: [rank 0] chunk saved → /tmp/tmprn_zoe73/chunk_00.npz
INFO preprocessing.run_vggt: [rank 2] chunk saved → /tmp/tmprn_zoe73/chunk_02.npz
INFO preprocessing.run_vggt: [rank 3] chunk saved → /tmp/tmprn_zoe73/chunk_03.npz
INFO preprocessing.run_vggt: [rank 1] chunk saved → /tmp/tmprn_zoe73/chunk_01.npz
INFO preprocessing.run_vggt: Saved cameras → /iopsstor/scratch/cscs/tnanni/ghost_outputs/rich_test_sync/LectureHall_010_plankjack1/trial0/vggt_cameras_centered.npz  extrinsics shape=(483, 4, 3, 4)
INFO preprocessing.run_vggt: Depth stats → valid_frames=483/483  nonzero_pixels=526245888  raw depth: min=0.2445 max=7.0859 mean=1.0570
INFO preprocessing.run_vggt: Saved depth   → /iopsstor/scratch/cscs/tnanni/ghost_outputs/rich_test_sync/LectureHall_010_plankjack1/trial0/vggt_depth_centered.npz  depth shape=(483, 4, 448, 608) dtype=uint16
INFO preprocessing.run_mapanything: trial0: T=483  K=4  MA=448×602
INFO preprocessing.run_mapanything: trial0: scale mean=6.2037  std=0.2666  nan_filled=0  time=57.6s
INFO __main__:   Built /iopsstor/scratch/cscs/tnanni/ghost_outputs/rich_test_sync/LectureHall_010_plankjack1/trial0  (sync_mae=0.75 frames)
INFO __main__: 
============================================================
Scene: LectureHall_010_sidebalancerun1  cameras=['cam_00', 'cam_01', 'cam_02', 'cam_04']  sync persons=[1]
INFO __main__: 
-- Trial 1/1 --
INFO __main__:   true shifts: {'cam_00': 0, 'cam_01': -40, 'cam_02': 33, 'cam_04': 30}  end_cuts: {'cam_00': 12, 'cam_01': 29, 'cam_02': 7, 'cam_04': 34}
INFO __main__:   shift_hat:   {'cam_00': 0, 'cam_01': -40, 'cam_02': 33, 'cam_04': 30}  |err|={'cam_00': 0, 'cam_01': 0, 'cam_02': 0, 'cam_04': 0}
INFO preprocessing.run_vggt: Loading VGGT-Omega on cuda:1 from 'checkpoints/vggt_omega/vggt_omega_1b_512.pt' …
INFO preprocessing.run_vggt: Loading VGGT-Omega on cuda:0 from 'checkpoints/vggt_omega/vggt_omega_1b_512.pt' …
INFO preprocessing.run_vggt: Loading VGGT-Omega on cuda:2 from 'checkpoints/vggt_omega/vggt_omega_1b_512.pt' …
INFO preprocessing.run_vggt: Loading VGGT-Omega on cuda:3 from 'checkpoints/vggt_omega/vggt_omega_1b_512.pt' …
INFO dinov3: using base=100 for rope new
INFO dinov3: using base=100 for rope new
INFO dinov3: using base=100 for rope new
INFO dinov3: using min_period=None for rope new
INFO dinov3: using base=100 for rope new
INFO dinov3: using min_period=None for rope new
INFO dinov3: using max_period=None for rope new
INFO dinov3: using min_period=None for rope new
INFO dinov3: using max_period=None for rope new
INFO dinov3: using normalize_coords=max for rope new
INFO dinov3: using min_period=None for rope new
INFO dinov3: using max_period=None for rope new
INFO dinov3: using normalize_coords=max for rope new
INFO dinov3: using shift_coords=None for rope new
INFO dinov3: using max_period=None for rope new
INFO dinov3: using normalize_coords=max for rope new
INFO dinov3: using shift_coords=None for rope new
INFO dinov3: using rescale_coords=None for rope new
INFO dinov3: using normalize_coords=max for rope new
INFO dinov3: using shift_coords=None for rope new
INFO dinov3: using rescale_coords=None for rope new
INFO dinov3: using jitter_coords=None for rope new
INFO dinov3: using shift_coords=None for rope new
INFO dinov3: using rescale_coords=None for rope new
INFO dinov3: using jitter_coords=None for rope new
INFO dinov3: using dtype=fp32 for rope new
INFO dinov3: using rescale_coords=None for rope new
INFO dinov3: using jitter_coords=None for rope new
INFO dinov3: using dtype=fp32 for rope new
INFO dinov3: using jitter_coords=None for rope new
INFO dinov3: using dtype=fp32 for rope new
INFO dinov3: using dtype=fp32 for rope new
INFO dinov3: using mlp layer as FFN
INFO dinov3: using mlp layer as FFN
INFO dinov3: using mlp layer as FFN
INFO dinov3: using mlp layer as FFN
INFO preprocessing.run_vggt: VGGT-Omega ready.
INFO preprocessing.run_vggt: VGGT-Omega ready.
INFO preprocessing.run_vggt: VGGT-Omega ready.
INFO preprocessing.run_vggt: VGGT-Omega ready.
INFO preprocessing.run_vggt:   VGGT-Omega output resolution: 448×592
INFO preprocessing.run_vggt:   VGGT-Omega output resolution: 448×592
INFO preprocessing.run_vggt:   VGGT-Omega output resolution: 448×592
INFO preprocessing.run_vggt:   VGGT-Omega output resolution: 448×592
INFO preprocessing.run_vggt:   [cuda:1] 20/203 frames done.
INFO preprocessing.run_vggt:   [cuda:0] 20/203 frames done.
INFO preprocessing.run_vggt:   [cuda:3] 20/203 frames done.
INFO preprocessing.run_vggt:   [cuda:2] 20/203 frames done.
INFO preprocessing.run_vggt:   [cuda:1] 40/203 frames done.
INFO preprocessing.run_vggt:   [cuda:0] 40/203 frames done.
INFO preprocessing.run_vggt:   [cuda:3] 40/203 frames done.
INFO preprocessing.run_vggt:   [cuda:2] 40/203 frames done.
INFO preprocessing.run_vggt:   [cuda:1] 60/203 frames done.
INFO preprocessing.run_vggt:   [cuda:0] 60/203 frames done.
INFO preprocessing.run_vggt:   [cuda:3] 60/203 frames done.
INFO preprocessing.run_vggt:   [cuda:2] 60/203 frames done.
INFO preprocessing.run_vggt:   [cuda:1] 80/203 frames done.
INFO preprocessing.run_vggt:   [cuda:0] 80/203 frames done.
INFO preprocessing.run_vggt:   [cuda:3] 80/203 frames done.
INFO preprocessing.run_vggt:   [cuda:2] 80/203 frames done.
INFO preprocessing.run_vggt:   [cuda:0] 100/203 frames done.
INFO preprocessing.run_vggt:   [cuda:1] 100/203 frames done.
INFO preprocessing.run_vggt:   [cuda:3] 100/203 frames done.
INFO preprocessing.run_vggt:   [cuda:2] 100/203 frames done.
INFO preprocessing.run_vggt:   [cuda:1] 120/203 frames done.
INFO preprocessing.run_vggt:   [cuda:0] 120/203 frames done.
INFO preprocessing.run_vggt:   [cuda:3] 120/203 frames done.
INFO preprocessing.run_vggt:   [cuda:2] 120/203 frames done.
INFO preprocessing.run_vggt:   [cuda:0] 140/203 frames done.
INFO preprocessing.run_vggt:   [cuda:1] 140/203 frames done.
INFO preprocessing.run_vggt:   [cuda:3] 140/203 frames done.
INFO preprocessing.run_vggt:   [cuda:2] 140/203 frames done.
INFO preprocessing.run_vggt:   [cuda:1] 160/203 frames done.
INFO preprocessing.run_vggt:   [cuda:0] 160/203 frames done.
INFO preprocessing.run_vggt:   [cuda:3] 160/203 frames done.
INFO preprocessing.run_vggt:   [cuda:2] 160/203 frames done.
INFO preprocessing.run_vggt:   [cuda:0] 180/203 frames done.
INFO preprocessing.run_vggt:   [cuda:1] 180/203 frames done.
INFO preprocessing.run_vggt:   [cuda:3] 180/203 frames done.
INFO preprocessing.run_vggt:   [cuda:2] 180/203 frames done.
INFO preprocessing.run_vggt:   [cuda:1] 200/203 frames done.
INFO preprocessing.run_vggt:   [cuda:0] 200/203 frames done.
INFO preprocessing.run_vggt:   [cuda:1] 203/203 frames done.
INFO preprocessing.run_vggt:   [cuda:0] 203/203 frames done.
INFO preprocessing.run_vggt:   [cuda:3] 200/203 frames done.
INFO preprocessing.run_vggt:   [cuda:2] 200/203 frames done.
INFO preprocessing.run_vggt:   [cuda:3] 203/203 frames done.
INFO preprocessing.run_vggt:   [cuda:2] 203/203 frames done.
INFO preprocessing.run_vggt: [rank 0] chunk saved → /tmp/tmpyhc1sgrt/chunk_00.npz
INFO preprocessing.run_vggt: [rank 1] chunk saved → /tmp/tmpyhc1sgrt/chunk_01.npz
INFO preprocessing.run_vggt: [rank 3] chunk saved → /tmp/tmpyhc1sgrt/chunk_03.npz
INFO preprocessing.run_vggt: [rank 2] chunk saved → /tmp/tmpyhc1sgrt/chunk_02.npz
INFO preprocessing.run_vggt: Saved cameras → /iopsstor/scratch/cscs/tnanni/ghost_outputs/rich_test_sync/LectureHall_010_sidebalancerun1/trial0/vggt_cameras_centered.npz  extrinsics shape=(812, 4, 3, 4)
INFO preprocessing.run_vggt: Depth stats → valid_frames=812/812  nonzero_pixels=861421568  raw depth: min=0.1940 max=9.9688 mean=1.0779
INFO preprocessing.run_vggt: Saved depth   → /iopsstor/scratch/cscs/tnanni/ghost_outputs/rich_test_sync/LectureHall_010_sidebalancerun1/trial0/vggt_depth_centered.npz  depth shape=(812, 4, 448, 592) dtype=uint16
INFO preprocessing.run_mapanything: trial0: T=812  K=4  MA=448×588
INFO preprocessing.run_mapanything: trial0: scale mean=6.2548  std=0.1388  nan_filled=0  time=97.2s
INFO __main__:   Built /iopsstor/scratch/cscs/tnanni/ghost_outputs/rich_test_sync/LectureHall_010_sidebalancerun1/trial0  (sync_mae=0.00 frames)
INFO __main__: 
============================================================
Scene: LectureHall_019_wipingchairs1  cameras=['cam_00', 'cam_01', 'cam_02', 'cam_03']  sync persons=[1]
INFO __main__: 
-- Trial 1/1 --
INFO __main__:   true shifts: {'cam_00': 0, 'cam_01': 18, 'cam_02': -13, 'cam_03': -39}  end_cuts: {'cam_00': 44, 'cam_01': 20, 'cam_02': 41, 'cam_03': 31}
INFO __main__:   shift_hat:   {'cam_00': 0, 'cam_01': 18, 'cam_02': -12, 'cam_03': -39}  |err|={'cam_00': 0, 'cam_01': 0, 'cam_02': 1, 'cam_03': 0}
INFO preprocessing.run_vggt: Loading VGGT-Omega on cuda:0 from 'checkpoints/vggt_omega/vggt_omega_1b_512.pt' …
INFO preprocessing.run_vggt: Loading VGGT-Omega on cuda:3 from 'checkpoints/vggt_omega/vggt_omega_1b_512.pt' …
INFO preprocessing.run_vggt: Loading VGGT-Omega on cuda:1 from 'checkpoints/vggt_omega/vggt_omega_1b_512.pt' …
INFO preprocessing.run_vggt: Loading VGGT-Omega on cuda:2 from 'checkpoints/vggt_omega/vggt_omega_1b_512.pt' …
INFO dinov3: using base=100 for rope new
INFO dinov3: using base=100 for rope new
INFO dinov3: using min_period=None for rope new
INFO dinov3: using min_period=None for rope new
INFO dinov3: using max_period=None for rope new
INFO dinov3: using normalize_coords=max for rope new
INFO dinov3: using max_period=None for rope new
INFO dinov3: using shift_coords=None for rope new
INFO dinov3: using normalize_coords=max for rope new
INFO dinov3: using rescale_coords=None for rope new
INFO dinov3: using jitter_coords=None for rope new
INFO dinov3: using shift_coords=None for rope new
INFO dinov3: using dtype=fp32 for rope new
INFO dinov3: using rescale_coords=None for rope new
INFO dinov3: using base=100 for rope new
INFO dinov3: using jitter_coords=None for rope new
INFO dinov3: using dtype=fp32 for rope new
INFO dinov3: using min_period=None for rope new
INFO dinov3: using max_period=None for rope new
INFO dinov3: using normalize_coords=max for rope new
INFO dinov3: using base=100 for rope new
INFO dinov3: using shift_coords=None for rope new
INFO dinov3: using rescale_coords=None for rope new
INFO dinov3: using jitter_coords=None for rope new
INFO dinov3: using min_period=None for rope new
INFO dinov3: using dtype=fp32 for rope new
INFO dinov3: using max_period=None for rope new
INFO dinov3: using normalize_coords=max for rope new
INFO dinov3: using shift_coords=None for rope new
INFO dinov3: using rescale_coords=None for rope new
INFO dinov3: using jitter_coords=None for rope new
INFO dinov3: using dtype=fp32 for rope new
INFO dinov3: using mlp layer as FFN
INFO dinov3: using mlp layer as FFN
INFO dinov3: using mlp layer as FFN
INFO dinov3: using mlp layer as FFN
INFO preprocessing.run_vggt: VGGT-Omega ready.
INFO preprocessing.run_vggt: VGGT-Omega ready.
INFO preprocessing.run_vggt: VGGT-Omega ready.
INFO preprocessing.run_vggt: VGGT-Omega ready.
/users/tnanni/ghost/preprocessing/run_vggt.py:224: UserWarning: Found images with different shapes: {(448, 592), (432, 592)}; padding to a common size.
  sample = load_and_preprocess_images(present, image_resolution=self.resolution)
INFO preprocessing.run_vggt:   VGGT-Omega output resolution: 448×592
/users/tnanni/ghost/preprocessing/run_vggt.py:224: UserWarning: Found images with different shapes: {(448, 592), (432, 592)}; padding to a common size.
  sample = load_and_preprocess_images(present, image_resolution=self.resolution)
INFO preprocessing.run_vggt:   VGGT-Omega output resolution: 448×592
/users/tnanni/ghost/preprocessing/run_vggt.py:224: UserWarning: Found images with different shapes: {(448, 592), (432, 592)}; padding to a common size.
  sample = load_and_preprocess_images(present, image_resolution=self.resolution)
INFO preprocessing.run_vggt:   VGGT-Omega output resolution: 448×592
/users/tnanni/ghost/preprocessing/run_vggt.py:224: UserWarning: Found images with different shapes: {(448, 592), (432, 592)}; padding to a common size.
  sample = load_and_preprocess_images(present, image_resolution=self.resolution)
INFO preprocessing.run_vggt:   VGGT-Omega output resolution: 448×592
/users/tnanni/ghost/preprocessing/run_vggt.py:172: UserWarning: Found images with different shapes: {(448, 592), (432, 592)}; padding to a common size.
  images = load_and_preprocess_images(
/users/tnanni/ghost/preprocessing/run_vggt.py:172: UserWarning: Found images with different shapes: {(448, 592), (432, 592)}; padding to a common size.
  images = load_and_preprocess_images(
/users/tnanni/ghost/preprocessing/run_vggt.py:172: UserWarning: Found images with different shapes: {(448, 592), (432, 592)}; padding to a common size.
  images = load_and_preprocess_images(
/users/tnanni/ghost/preprocessing/run_vggt.py:172: UserWarning: Found images with different shapes: {(448, 592), (432, 592)}; padding to a common size.
  images = load_and_preprocess_images(
INFO preprocessing.run_vggt:   [cuda:2] 20/219 frames done.
INFO preprocessing.run_vggt:   [cuda:1] 20/219 frames done.
INFO preprocessing.run_vggt:   [cuda:0] 20/220 frames done.
INFO preprocessing.run_vggt:   [cuda:3] 20/219 frames done.
INFO preprocessing.run_vggt:   [cuda:2] 40/219 frames done.
INFO preprocessing.run_vggt:   [cuda:1] 40/219 frames done.
INFO preprocessing.run_vggt:   [cuda:0] 40/220 frames done.
INFO preprocessing.run_vggt:   [cuda:3] 40/219 frames done.
INFO preprocessing.run_vggt:   [cuda:2] 60/219 frames done.
INFO preprocessing.run_vggt:   [cuda:1] 60/219 frames done.
INFO preprocessing.run_vggt:   [cuda:0] 60/220 frames done.
INFO preprocessing.run_vggt:   [cuda:3] 60/219 frames done.
INFO preprocessing.run_vggt:   [cuda:2] 80/219 frames done.
INFO preprocessing.run_vggt:   [cuda:1] 80/219 frames done.
INFO preprocessing.run_vggt:   [cuda:0] 80/220 frames done.
INFO preprocessing.run_vggt:   [cuda:3] 80/219 frames done.
INFO preprocessing.run_vggt:   [cuda:2] 100/219 frames done.
INFO preprocessing.run_vggt:   [cuda:1] 100/219 frames done.
INFO preprocessing.run_vggt:   [cuda:0] 100/220 frames done.
INFO preprocessing.run_vggt:   [cuda:3] 100/219 frames done.
INFO preprocessing.run_vggt:   [cuda:2] 120/219 frames done.
INFO preprocessing.run_vggt:   [cuda:1] 120/219 frames done.
INFO preprocessing.run_vggt:   [cuda:0] 120/220 frames done.
INFO preprocessing.run_vggt:   [cuda:3] 120/219 frames done.
INFO preprocessing.run_vggt:   [cuda:2] 140/219 frames done.
INFO preprocessing.run_vggt:   [cuda:1] 140/219 frames done.
INFO preprocessing.run_vggt:   [cuda:0] 140/220 frames done.
INFO preprocessing.run_vggt:   [cuda:3] 140/219 frames done.
INFO preprocessing.run_vggt:   [cuda:2] 160/219 frames done.
INFO preprocessing.run_vggt:   [cuda:1] 160/219 frames done.
INFO preprocessing.run_vggt:   [cuda:0] 160/220 frames done.
INFO preprocessing.run_vggt:   [cuda:3] 160/219 frames done.
INFO preprocessing.run_vggt:   [cuda:2] 180/219 frames done.
INFO preprocessing.run_vggt:   [cuda:1] 180/219 frames done.
INFO preprocessing.run_vggt:   [cuda:0] 180/220 frames done.
INFO preprocessing.run_vggt:   [cuda:3] 180/219 frames done.
INFO preprocessing.run_vggt:   [cuda:2] 200/219 frames done.
INFO preprocessing.run_vggt:   [cuda:1] 200/219 frames done.
INFO preprocessing.run_vggt:   [cuda:0] 200/220 frames done.
INFO preprocessing.run_vggt:   [cuda:3] 200/219 frames done.
INFO preprocessing.run_vggt:   [cuda:2] 219/219 frames done.
INFO preprocessing.run_vggt:   [cuda:1] 219/219 frames done.
INFO preprocessing.run_vggt:   [cuda:0] 220/220 frames done.
INFO preprocessing.run_vggt:   [cuda:3] 219/219 frames done.
INFO preprocessing.run_vggt: [rank 1] chunk saved → /tmp/tmp68god_xt/chunk_01.npz
INFO preprocessing.run_vggt: [rank 3] chunk saved → /tmp/tmp68god_xt/chunk_03.npz
INFO preprocessing.run_vggt: [rank 0] chunk saved → /tmp/tmp68god_xt/chunk_00.npz
INFO preprocessing.run_vggt: [rank 2] chunk saved → /tmp/tmp68god_xt/chunk_02.npz
INFO preprocessing.run_vggt: Saved cameras → /iopsstor/scratch/cscs/tnanni/ghost_outputs/rich_test_sync/LectureHall_019_wipingchairs1/trial0/vggt_cameras_centered.npz  extrinsics shape=(877, 4, 3, 4)
INFO preprocessing.run_vggt: Depth stats → valid_frames=877/877  nonzero_pixels=930377728  raw depth: min=0.1938 max=13.1797 mean=1.0949
INFO preprocessing.run_vggt: Saved depth   → /iopsstor/scratch/cscs/tnanni/ghost_outputs/rich_test_sync/LectureHall_019_wipingchairs1/trial0/vggt_depth_centered.npz  depth shape=(877, 4, 448, 592) dtype=uint16
INFO preprocessing.run_mapanything: trial0: T=877  K=4  MA=448×588
INFO preprocessing.run_mapanything: trial0: scale mean=6.7743  std=0.3757  nan_filled=0  time=105.8s
INFO __main__:   Built /iopsstor/scratch/cscs/tnanni/ghost_outputs/rich_test_sync/LectureHall_019_wipingchairs1/trial0  (sync_mae=0.25 frames)
INFO __main__: 
============================================================
Scene: LectureHall_021_plankjack1  cameras=['cam_00', 'cam_03', 'cam_05', 'cam_06']  sync persons=[2]
INFO __main__: 
-- Trial 1/1 --
INFO __main__:   true shifts: {'cam_00': 0, 'cam_03': 25, 'cam_05': 24, 'cam_06': -28}  end_cuts: {'cam_00': 16, 'cam_03': 21, 'cam_05': 22, 'cam_06': 2}
INFO __main__:   shift_hat:   {'cam_00': 0, 'cam_03': 26, 'cam_05': 25, 'cam_06': -27}  |err|={'cam_00': 0, 'cam_03': 1, 'cam_05': 1, 'cam_06': 1}
INFO preprocessing.run_vggt: Loading VGGT-Omega on cuda:1 from 'checkpoints/vggt_omega/vggt_omega_1b_512.pt' …
INFO preprocessing.run_vggt: Loading VGGT-Omega on cuda:3 from 'checkpoints/vggt_omega/vggt_omega_1b_512.pt' …
INFO preprocessing.run_vggt: Loading VGGT-Omega on cuda:2 from 'checkpoints/vggt_omega/vggt_omega_1b_512.pt' …
INFO preprocessing.run_vggt: Loading VGGT-Omega on cuda:0 from 'checkpoints/vggt_omega/vggt_omega_1b_512.pt' …
INFO dinov3: using base=100 for rope new
INFO dinov3: using base=100 for rope new
INFO dinov3: using min_period=None for rope new
INFO dinov3: using base=100 for rope new
INFO dinov3: using min_period=None for rope new
INFO dinov3: using max_period=None for rope new
INFO dinov3: using max_period=None for rope new
INFO dinov3: using normalize_coords=max for rope new
INFO dinov3: using min_period=None for rope new
INFO dinov3: using normalize_coords=max for rope new
INFO dinov3: using shift_coords=None for rope new
INFO dinov3: using max_period=None for rope new
INFO dinov3: using shift_coords=None for rope new
INFO dinov3: using rescale_coords=None for rope new
INFO dinov3: using normalize_coords=max for rope new
INFO dinov3: using rescale_coords=None for rope new
INFO dinov3: using jitter_coords=None for rope new
INFO dinov3: using shift_coords=None for rope new
INFO dinov3: using jitter_coords=None for rope new
INFO dinov3: using dtype=fp32 for rope new
INFO dinov3: using rescale_coords=None for rope new
INFO dinov3: using dtype=fp32 for rope new
INFO dinov3: using jitter_coords=None for rope new
INFO dinov3: using dtype=fp32 for rope new
INFO dinov3: using base=100 for rope new
INFO dinov3: using min_period=None for rope new
INFO dinov3: using max_period=None for rope new
INFO dinov3: using normalize_coords=max for rope new
INFO dinov3: using shift_coords=None for rope new
INFO dinov3: using rescale_coords=None for rope new
INFO dinov3: using jitter_coords=None for rope new
INFO dinov3: using dtype=fp32 for rope new
INFO dinov3: using mlp layer as FFN
INFO dinov3: using mlp layer as FFN
INFO dinov3: using mlp layer as FFN
INFO dinov3: using mlp layer as FFN
INFO preprocessing.run_vggt: VGGT-Omega ready.
/users/tnanni/ghost/preprocessing/run_vggt.py:224: UserWarning: Found images with different shapes: {(448, 592), (432, 592), (432, 608)}; padding to a common size.
  sample = load_and_preprocess_images(present, image_resolution=self.resolution)
INFO preprocessing.run_vggt:   VGGT-Omega output resolution: 448×608
INFO preprocessing.run_vggt: VGGT-Omega ready.
INFO preprocessing.run_vggt: VGGT-Omega ready.
/users/tnanni/ghost/preprocessing/run_vggt.py:172: UserWarning: Found images with different shapes: {(448, 592), (432, 592), (432, 608)}; padding to a common size.
  images = load_and_preprocess_images(
INFO preprocessing.run_vggt: VGGT-Omega ready.
/users/tnanni/ghost/preprocessing/run_vggt.py:224: UserWarning: Found images with different shapes: {(448, 592), (432, 592), (432, 608)}; padding to a common size.
  sample = load_and_preprocess_images(present, image_resolution=self.resolution)
INFO preprocessing.run_vggt:   VGGT-Omega output resolution: 448×608
/users/tnanni/ghost/preprocessing/run_vggt.py:224: UserWarning: Found images with different shapes: {(448, 592), (432, 592), (432, 608)}; padding to a common size.
  sample = load_and_preprocess_images(present, image_resolution=self.resolution)
INFO preprocessing.run_vggt:   VGGT-Omega output resolution: 448×608
/users/tnanni/ghost/preprocessing/run_vggt.py:224: UserWarning: Found images with different shapes: {(448, 592), (432, 592), (432, 608)}; padding to a common size.
  sample = load_and_preprocess_images(present, image_resolution=self.resolution)
INFO preprocessing.run_vggt:   VGGT-Omega output resolution: 448×608
/users/tnanni/ghost/preprocessing/run_vggt.py:172: UserWarning: Found images with different shapes: {(448, 592), (432, 592), (432, 608)}; padding to a common size.
  images = load_and_preprocess_images(
/users/tnanni/ghost/preprocessing/run_vggt.py:172: UserWarning: Found images with different shapes: {(448, 592), (432, 592), (432, 608)}; padding to a common size.
  images = load_and_preprocess_images(
/users/tnanni/ghost/preprocessing/run_vggt.py:172: UserWarning: Found images with different shapes: {(448, 592), (432, 592), (432, 608)}; padding to a common size.
  images = load_and_preprocess_images(
INFO preprocessing.run_vggt:   [cuda:2] 20/108 frames done.
INFO preprocessing.run_vggt:   [cuda:0] 20/108 frames done.
INFO preprocessing.run_vggt:   [cuda:3] 20/108 frames done.
INFO preprocessing.run_vggt:   [cuda:1] 20/108 frames done.
INFO preprocessing.run_vggt:   [cuda:2] 40/108 frames done.
INFO preprocessing.run_vggt:   [cuda:0] 40/108 frames done.
INFO preprocessing.run_vggt:   [cuda:3] 40/108 frames done.
INFO preprocessing.run_vggt:   [cuda:1] 40/108 frames done.
INFO preprocessing.run_vggt:   [cuda:2] 60/108 frames done.
INFO preprocessing.run_vggt:   [cuda:0] 60/108 frames done.
INFO preprocessing.run_vggt:   [cuda:3] 60/108 frames done.
INFO preprocessing.run_vggt:   [cuda:1] 60/108 frames done.
INFO preprocessing.run_vggt:   [cuda:0] 80/108 frames done.
INFO preprocessing.run_vggt:   [cuda:2] 80/108 frames done.
INFO preprocessing.run_vggt:   [cuda:3] 80/108 frames done.
INFO preprocessing.run_vggt:   [cuda:1] 80/108 frames done.
INFO preprocessing.run_vggt:   [cuda:0] 100/108 frames done.
INFO preprocessing.run_vggt:   [cuda:3] 100/108 frames done.
INFO preprocessing.run_vggt:   [cuda:2] 100/108 frames done.
INFO preprocessing.run_vggt:   [cuda:1] 100/108 frames done.
INFO preprocessing.run_vggt:   [cuda:0] 108/108 frames done.
INFO preprocessing.run_vggt:   [cuda:2] 108/108 frames done.
INFO preprocessing.run_vggt:   [cuda:3] 108/108 frames done.
INFO preprocessing.run_vggt:   [cuda:1] 108/108 frames done.
INFO preprocessing.run_vggt: [rank 2] chunk saved → /tmp/tmp01_6xmqr/chunk_02.npz
INFO preprocessing.run_vggt: [rank 1] chunk saved → /tmp/tmp01_6xmqr/chunk_01.npz
INFO preprocessing.run_vggt: [rank 3] chunk saved → /tmp/tmp01_6xmqr/chunk_03.npz
INFO preprocessing.run_vggt: [rank 0] chunk saved → /tmp/tmp01_6xmqr/chunk_00.npz
INFO preprocessing.run_vggt: Saved cameras → /iopsstor/scratch/cscs/tnanni/ghost_outputs/rich_test_sync/LectureHall_021_plankjack1/trial0/vggt_cameras_centered.npz  extrinsics shape=(432, 4, 3, 4)
INFO preprocessing.run_vggt: Depth stats → valid_frames=432/432  nonzero_pixels=470679552  raw depth: min=0.2456 max=7.8516 mean=1.0357
INFO preprocessing.run_vggt: Saved depth   → /iopsstor/scratch/cscs/tnanni/ghost_outputs/rich_test_sync/LectureHall_021_plankjack1/trial0/vggt_depth_centered.npz  depth shape=(432, 4, 448, 608) dtype=uint16
INFO preprocessing.run_mapanything: trial0: T=432  K=4  MA=448×602
INFO preprocessing.run_mapanything: trial0: scale mean=5.7376  std=0.2182  nan_filled=0  time=53.3s
INFO __main__:   Built /iopsstor/scratch/cscs/tnanni/ghost_outputs/rich_test_sync/LectureHall_021_plankjack1/trial0  (sync_mae=0.75 frames)
INFO __main__: 
============================================================
Scene: LectureHall_021_sidebalancerun1  cameras=['cam_00', 'cam_04', 'cam_05', 'cam_06']  sync persons=[2]
INFO __main__: 
-- Trial 1/1 --
INFO __main__:   true shifts: {'cam_00': 0, 'cam_04': 4, 'cam_05': -31, 'cam_06': 22}  end_cuts: {'cam_00': 31, 'cam_04': 42, 'cam_05': 34, 'cam_06': 16}
INFO __main__:   shift_hat:   {'cam_00': 0, 'cam_04': 4, 'cam_05': -31, 'cam_06': 22}  |err|={'cam_00': 0, 'cam_04': 0, 'cam_05': 0, 'cam_06': 0}
INFO preprocessing.run_vggt: Loading VGGT-Omega on cuda:3 from 'checkpoints/vggt_omega/vggt_omega_1b_512.pt' …
INFO preprocessing.run_vggt: Loading VGGT-Omega on cuda:1 from 'checkpoints/vggt_omega/vggt_omega_1b_512.pt' …
INFO preprocessing.run_vggt: Loading VGGT-Omega on cuda:2 from 'checkpoints/vggt_omega/vggt_omega_1b_512.pt' …
INFO preprocessing.run_vggt: Loading VGGT-Omega on cuda:0 from 'checkpoints/vggt_omega/vggt_omega_1b_512.pt' …
INFO dinov3: using base=100 for rope new
INFO dinov3: using base=100 for rope new
INFO dinov3: using base=100 for rope new
INFO dinov3: using min_period=None for rope new
INFO dinov3: using min_period=None for rope new
INFO dinov3: using min_period=None for rope new
INFO dinov3: using max_period=None for rope new
INFO dinov3: using max_period=None for rope new
INFO dinov3: using max_period=None for rope new
INFO dinov3: using normalize_coords=max for rope new
INFO dinov3: using normalize_coords=max for rope new
INFO dinov3: using normalize_coords=max for rope new
INFO dinov3: using shift_coords=None for rope new
INFO dinov3: using shift_coords=None for rope new
INFO dinov3: using shift_coords=None for rope new
INFO dinov3: using rescale_coords=None for rope new
INFO dinov3: using rescale_coords=None for rope new
INFO dinov3: using rescale_coords=None for rope new
INFO dinov3: using jitter_coords=None for rope new
INFO dinov3: using jitter_coords=None for rope new
INFO dinov3: using jitter_coords=None for rope new
INFO dinov3: using dtype=fp32 for rope new
INFO dinov3: using dtype=fp32 for rope new
INFO dinov3: using dtype=fp32 for rope new
INFO dinov3: using base=100 for rope new
INFO dinov3: using min_period=None for rope new
INFO dinov3: using max_period=None for rope new
INFO dinov3: using normalize_coords=max for rope new
INFO dinov3: using shift_coords=None for rope new
INFO dinov3: using rescale_coords=None for rope new
INFO dinov3: using jitter_coords=None for rope new
INFO dinov3: using dtype=fp32 for rope new
INFO dinov3: using mlp layer as FFN
INFO dinov3: using mlp layer as FFN
INFO dinov3: using mlp layer as FFN
INFO dinov3: using mlp layer as FFN
INFO preprocessing.run_vggt: VGGT-Omega ready.
INFO preprocessing.run_vggt: VGGT-Omega ready.
INFO preprocessing.run_vggt: VGGT-Omega ready.
INFO preprocessing.run_vggt: VGGT-Omega ready.
/users/tnanni/ghost/preprocessing/run_vggt.py:224: UserWarning: Found images with different shapes: {(448, 592), (432, 592), (432, 608)}; padding to a common size.
  sample = load_and_preprocess_images(present, image_resolution=self.resolution)
INFO preprocessing.run_vggt:   VGGT-Omega output resolution: 448×608
/users/tnanni/ghost/preprocessing/run_vggt.py:224: UserWarning: Found images with different shapes: {(448, 592), (432, 592), (432, 608)}; padding to a common size.
  sample = load_and_preprocess_images(present, image_resolution=self.resolution)
INFO preprocessing.run_vggt:   VGGT-Omega output resolution: 448×608
/users/tnanni/ghost/preprocessing/run_vggt.py:224: UserWarning: Found images with different shapes: {(448, 592), (432, 592), (432, 608)}; padding to a common size.
  sample = load_and_preprocess_images(present, image_resolution=self.resolution)
/users/tnanni/ghost/preprocessing/run_vggt.py:224: UserWarning: Found images with different shapes: {(448, 592), (432, 592), (432, 608)}; padding to a common size.
  sample = load_and_preprocess_images(present, image_resolution=self.resolution)
INFO preprocessing.run_vggt:   VGGT-Omega output resolution: 448×608
INFO preprocessing.run_vggt:   VGGT-Omega output resolution: 448×608
/users/tnanni/ghost/preprocessing/run_vggt.py:172: UserWarning: Found images with different shapes: {(448, 592), (432, 592), (432, 608)}; padding to a common size.
  images = load_and_preprocess_images(
/users/tnanni/ghost/preprocessing/run_vggt.py:172: UserWarning: Found images with different shapes: {(448, 592), (432, 592), (432, 608)}; padding to a common size.
  images = load_and_preprocess_images(
/users/tnanni/ghost/preprocessing/run_vggt.py:172: UserWarning: Found images with different shapes: {(448, 592), (432, 592), (432, 608)}; padding to a common size.
  images = load_and_preprocess_images(
/users/tnanni/ghost/preprocessing/run_vggt.py:172: UserWarning: Found images with different shapes: {(448, 592), (432, 592), (432, 608)}; padding to a common size.
  images = load_and_preprocess_images(
INFO preprocessing.run_vggt:   [cuda:0] 20/190 frames done.
INFO preprocessing.run_vggt:   [cuda:2] 20/190 frames done.
INFO preprocessing.run_vggt:   [cuda:1] 20/190 frames done.
INFO preprocessing.run_vggt:   [cuda:3] 20/190 frames done.
INFO preprocessing.run_vggt:   [cuda:0] 40/190 frames done.
INFO preprocessing.run_vggt:   [cuda:2] 40/190 frames done.
INFO preprocessing.run_vggt:   [cuda:1] 40/190 frames done.
INFO preprocessing.run_vggt:   [cuda:3] 40/190 frames done.
INFO preprocessing.run_vggt:   [cuda:0] 60/190 frames done.
INFO preprocessing.run_vggt:   [cuda:2] 60/190 frames done.
INFO preprocessing.run_vggt:   [cuda:1] 60/190 frames done.
INFO preprocessing.run_vggt:   [cuda:3] 60/190 frames done.
INFO preprocessing.run_vggt:   [cuda:2] 80/190 frames done.
INFO preprocessing.run_vggt:   [cuda:0] 80/190 frames done.
INFO preprocessing.run_vggt:   [cuda:1] 80/190 frames done.
INFO preprocessing.run_vggt:   [cuda:3] 80/190 frames done.
INFO preprocessing.run_vggt:   [cuda:0] 100/190 frames done.
INFO preprocessing.run_vggt:   [cuda:1] 100/190 frames done.
INFO preprocessing.run_vggt:   [cuda:2] 100/190 frames done.
INFO preprocessing.run_vggt:   [cuda:3] 100/190 frames done.
INFO preprocessing.run_vggt:   [cuda:0] 120/190 frames done.
INFO preprocessing.run_vggt:   [cuda:2] 120/190 frames done.
INFO preprocessing.run_vggt:   [cuda:1] 120/190 frames done.
INFO preprocessing.run_vggt:   [cuda:3] 120/190 frames done.
INFO preprocessing.run_vggt:   [cuda:0] 140/190 frames done.
INFO preprocessing.run_vggt:   [cuda:2] 140/190 frames done.
INFO preprocessing.run_vggt:   [cuda:3] 140/190 frames done.
INFO preprocessing.run_vggt:   [cuda:1] 140/190 frames done.
INFO preprocessing.run_vggt:   [cuda:0] 160/190 frames done.
INFO preprocessing.run_vggt:   [cuda:2] 160/190 frames done.
INFO preprocessing.run_vggt:   [cuda:3] 160/190 frames done.
INFO preprocessing.run_vggt:   [cuda:1] 160/190 frames done.
INFO preprocessing.run_vggt:   [cuda:0] 180/190 frames done.
INFO preprocessing.run_vggt:   [cuda:1] 180/190 frames done.
INFO preprocessing.run_vggt:   [cuda:2] 180/190 frames done.
INFO preprocessing.run_vggt:   [cuda:3] 180/190 frames done.
INFO preprocessing.run_vggt:   [cuda:0] 190/190 frames done.
INFO preprocessing.run_vggt:   [cuda:2] 190/190 frames done.
INFO preprocessing.run_vggt:   [cuda:3] 190/190 frames done.
INFO preprocessing.run_vggt:   [cuda:1] 190/190 frames done.
INFO preprocessing.run_vggt: [rank 2] chunk saved → /tmp/tmpkujk38ih/chunk_02.npz
INFO preprocessing.run_vggt: [rank 0] chunk saved → /tmp/tmpkujk38ih/chunk_00.npz
INFO preprocessing.run_vggt: [rank 1] chunk saved → /tmp/tmpkujk38ih/chunk_01.npz
INFO preprocessing.run_vggt: [rank 3] chunk saved → /tmp/tmpkujk38ih/chunk_03.npz
INFO preprocessing.run_vggt: Saved cameras → /iopsstor/scratch/cscs/tnanni/ghost_outputs/rich_test_sync/LectureHall_021_sidebalancerun1/trial0/vggt_cameras_centered.npz  extrinsics shape=(760, 4, 3, 4)
INFO preprocessing.run_vggt: Depth stats → valid_frames=760/760  nonzero_pixels=828047360  raw depth: min=0.2434 max=7.6797 mean=1.0304
INFO preprocessing.run_vggt: Saved depth   → /iopsstor/scratch/cscs/tnanni/ghost_outputs/rich_test_sync/LectureHall_021_sidebalancerun1/trial0/vggt_depth_centered.npz  depth shape=(760, 4, 448, 608) dtype=uint16
INFO preprocessing.run_mapanything: trial0: T=760  K=4  MA=448×602
INFO preprocessing.run_mapanything: trial0: scale mean=5.9572  std=0.1362  nan_filled=0  time=90.9s
INFO __main__:   Built /iopsstor/scratch/cscs/tnanni/ghost_outputs/rich_test_sync/LectureHall_021_sidebalancerun1/trial0  (sync_mae=0.00 frames)
INFO __main__: 
============================================================
Scene: ParkingLot2_009_burpeejump1  cameras=['cam_00', 'cam_01', 'cam_02', 'cam_03']  sync persons=[1]
INFO __main__: 
-- Trial 1/1 --
INFO __main__:   true shifts: {'cam_00': 0, 'cam_01': 43, 'cam_02': -8, 'cam_03': -16}  end_cuts: {'cam_00': 41, 'cam_01': 17, 'cam_02': 3, 'cam_03': 21}
INFO __main__:   shift_hat:   {'cam_00': 0, 'cam_01': 43, 'cam_02': -8, 'cam_03': -16}  |err|={'cam_00': 0, 'cam_01': 0, 'cam_02': 0, 'cam_03': 0}
INFO preprocessing.run_vggt: Loading VGGT-Omega on cuda:3 from 'checkpoints/vggt_omega/vggt_omega_1b_512.pt' …
INFO preprocessing.run_vggt: Loading VGGT-Omega on cuda:2 from 'checkpoints/vggt_omega/vggt_omega_1b_512.pt' …
INFO preprocessing.run_vggt: Loading VGGT-Omega on cuda:0 from 'checkpoints/vggt_omega/vggt_omega_1b_512.pt' …
INFO preprocessing.run_vggt: Loading VGGT-Omega on cuda:1 from 'checkpoints/vggt_omega/vggt_omega_1b_512.pt' …
INFO dinov3: using base=100 for rope new
INFO dinov3: using base=100 for rope new
INFO dinov3: using base=100 for rope new
INFO dinov3: using min_period=None for rope new
INFO dinov3: using max_period=None for rope new
INFO dinov3: using min_period=None for rope new
INFO dinov3: using min_period=None for rope new
INFO dinov3: using base=100 for rope new
INFO dinov3: using normalize_coords=max for rope new
INFO dinov3: using max_period=None for rope new
INFO dinov3: using max_period=None for rope new
INFO dinov3: using shift_coords=None for rope new
INFO dinov3: using normalize_coords=max for rope new
INFO dinov3: using rescale_coords=None for rope new
INFO dinov3: using normalize_coords=max for rope new
INFO dinov3: using min_period=None for rope new
INFO dinov3: using shift_coords=None for rope new
INFO dinov3: using jitter_coords=None for rope new
INFO dinov3: using shift_coords=None for rope new
INFO dinov3: using rescale_coords=None for rope new
INFO dinov3: using dtype=fp32 for rope new
INFO dinov3: using max_period=None for rope new
INFO dinov3: using rescale_coords=None for rope new
INFO dinov3: using jitter_coords=None for rope new
INFO dinov3: using jitter_coords=None for rope new
INFO dinov3: using normalize_coords=max for rope new
INFO dinov3: using dtype=fp32 for rope new
INFO dinov3: using dtype=fp32 for rope new
INFO dinov3: using shift_coords=None for rope new
INFO dinov3: using rescale_coords=None for rope new
INFO dinov3: using jitter_coords=None for rope new
INFO dinov3: using dtype=fp32 for rope new
INFO dinov3: using mlp layer as FFN
INFO dinov3: using mlp layer as FFN
INFO dinov3: using mlp layer as FFN
INFO dinov3: using mlp layer as FFN
INFO preprocessing.run_vggt: VGGT-Omega ready.
INFO preprocessing.run_vggt: VGGT-Omega ready.
INFO preprocessing.run_vggt: VGGT-Omega ready.
INFO preprocessing.run_vggt: VGGT-Omega ready.
/users/tnanni/ghost/preprocessing/run_vggt.py:224: UserWarning: Found images with different shapes: {(448, 592), (432, 592)}; padding to a common size.
  sample = load_and_preprocess_images(present, image_resolution=self.resolution)
INFO preprocessing.run_vggt:   VGGT-Omega output resolution: 448×592
/users/tnanni/ghost/preprocessing/run_vggt.py:224: UserWarning: Found images with different shapes: {(448, 592), (432, 592)}; padding to a common size.
  sample = load_and_preprocess_images(present, image_resolution=self.resolution)
INFO preprocessing.run_vggt:   VGGT-Omega output resolution: 448×592
/users/tnanni/ghost/preprocessing/run_vggt.py:224: UserWarning: Found images with different shapes: {(448, 592), (432, 592)}; padding to a common size.
  sample = load_and_preprocess_images(present, image_resolution=self.resolution)
/users/tnanni/ghost/preprocessing/run_vggt.py:224: UserWarning: Found images with different shapes: {(448, 592), (432, 592)}; padding to a common size.
  sample = load_and_preprocess_images(present, image_resolution=self.resolution)
INFO preprocessing.run_vggt:   VGGT-Omega output resolution: 448×592
INFO preprocessing.run_vggt:   VGGT-Omega output resolution: 448×592
/users/tnanni/ghost/preprocessing/run_vggt.py:172: UserWarning: Found images with different shapes: {(448, 592), (432, 592)}; padding to a common size.
  images = load_and_preprocess_images(
/users/tnanni/ghost/preprocessing/run_vggt.py:172: UserWarning: Found images with different shapes: {(448, 592), (432, 592)}; padding to a common size.
  images = load_and_preprocess_images(
/users/tnanni/ghost/preprocessing/run_vggt.py:172: UserWarning: Found images with different shapes: {(448, 592), (432, 592)}; padding to a common size.
  images = load_and_preprocess_images(
/users/tnanni/ghost/preprocessing/run_vggt.py:172: UserWarning: Found images with different shapes: {(448, 592), (432, 592)}; padding to a common size.
  images = load_and_preprocess_images(
INFO preprocessing.run_vggt:   [cuda:0] 20/197 frames done.
INFO preprocessing.run_vggt:   [cuda:3] 20/196 frames done.
INFO preprocessing.run_vggt:   [cuda:2] 20/196 frames done.
INFO preprocessing.run_vggt:   [cuda:1] 20/197 frames done.
INFO preprocessing.run_vggt:   [cuda:3] 40/196 frames done.
INFO preprocessing.run_vggt:   [cuda:0] 40/197 frames done.
INFO preprocessing.run_vggt:   [cuda:2] 40/196 frames done.
INFO preprocessing.run_vggt:   [cuda:1] 40/197 frames done.
INFO preprocessing.run_vggt:   [cuda:3] 60/196 frames done.
INFO preprocessing.run_vggt:   [cuda:0] 60/197 frames done.
INFO preprocessing.run_vggt:   [cuda:2] 60/196 frames done.
INFO preprocessing.run_vggt:   [cuda:1] 60/197 frames done.
INFO preprocessing.run_vggt:   [cuda:3] 80/196 frames done.
INFO preprocessing.run_vggt:   [cuda:2] 80/196 frames done.
INFO preprocessing.run_vggt:   [cuda:0] 80/197 frames done.
INFO preprocessing.run_vggt:   [cuda:1] 80/197 frames done.
INFO preprocessing.run_vggt:   [cuda:3] 100/196 frames done.
INFO preprocessing.run_vggt:   [cuda:0] 100/197 frames done.
INFO preprocessing.run_vggt:   [cuda:2] 100/196 frames done.
INFO preprocessing.run_vggt:   [cuda:1] 100/197 frames done.
INFO preprocessing.run_vggt:   [cuda:3] 120/196 frames done.
INFO preprocessing.run_vggt:   [cuda:2] 120/196 frames done.
INFO preprocessing.run_vggt:   [cuda:0] 120/197 frames done.
INFO preprocessing.run_vggt:   [cuda:1] 120/197 frames done.
INFO preprocessing.run_vggt:   [cuda:2] 140/196 frames done.
INFO preprocessing.run_vggt:   [cuda:3] 140/196 frames done.
INFO preprocessing.run_vggt:   [cuda:0] 140/197 frames done.
INFO preprocessing.run_vggt:   [cuda:1] 140/197 frames done.
INFO preprocessing.run_vggt:   [cuda:3] 160/196 frames done.
INFO preprocessing.run_vggt:   [cuda:2] 160/196 frames done.
INFO preprocessing.run_vggt:   [cuda:0] 160/197 frames done.
INFO preprocessing.run_vggt:   [cuda:1] 160/197 frames done.
INFO preprocessing.run_vggt:   [cuda:3] 180/196 frames done.
INFO preprocessing.run_vggt:   [cuda:2] 180/196 frames done.
INFO preprocessing.run_vggt:   [cuda:0] 180/197 frames done.
INFO preprocessing.run_vggt:   [cuda:1] 180/197 frames done.
INFO preprocessing.run_vggt:   [cuda:3] 196/196 frames done.
INFO preprocessing.run_vggt:   [cuda:2] 196/196 frames done.
INFO preprocessing.run_vggt:   [cuda:0] 197/197 frames done.
INFO preprocessing.run_vggt:   [cuda:1] 197/197 frames done.
INFO preprocessing.run_vggt: [rank 2] chunk saved → /tmp/tmp8q743cif/chunk_02.npz
INFO preprocessing.run_vggt: [rank 0] chunk saved → /tmp/tmp8q743cif/chunk_00.npz
INFO preprocessing.run_vggt: [rank 3] chunk saved → /tmp/tmp8q743cif/chunk_03.npz
INFO preprocessing.run_vggt: [rank 1] chunk saved → /tmp/tmp8q743cif/chunk_01.npz
INFO preprocessing.run_vggt: Saved cameras → /iopsstor/scratch/cscs/tnanni/ghost_outputs/rich_test_sync/ParkingLot2_009_burpeejump1/trial0/vggt_cameras_centered.npz  extrinsics shape=(786, 4, 3, 4)
INFO preprocessing.run_vggt: Depth stats → valid_frames=786/786  nonzero_pixels=833839104  raw depth: min=0.1206 max=10.6875 mean=1.1198
INFO preprocessing.run_vggt: Saved depth   → /iopsstor/scratch/cscs/tnanni/ghost_outputs/rich_test_sync/ParkingLot2_009_burpeejump1/trial0/vggt_depth_centered.npz  depth shape=(786, 4, 448, 592) dtype=uint16
INFO preprocessing.run_mapanything: trial0: T=786  K=4  MA=448×588
INFO preprocessing.run_mapanything: trial0: scale mean=6.5124  std=0.2275  nan_filled=0  time=95.3s
INFO __main__:   Built /iopsstor/scratch/cscs/tnanni/ghost_outputs/rich_test_sync/ParkingLot2_009_burpeejump1/trial0  (sync_mae=0.00 frames)
INFO __main__: 
============================================================
Scene: ParkingLot2_009_burpeejump2  cameras=['cam_00', 'cam_02', 'cam_03', 'cam_04']  sync persons=[1]
INFO __main__: 
-- Trial 1/1 --
INFO __main__:   true shifts: {'cam_00': 0, 'cam_02': 27, 'cam_03': -28, 'cam_04': -3}  end_cuts: {'cam_00': 5, 'cam_02': 31, 'cam_03': 21, 'cam_04': 15}
INFO __main__:   shift_hat:   {'cam_00': 0, 'cam_02': 27, 'cam_03': -28, 'cam_04': -3}  |err|={'cam_00': 0, 'cam_02': 0, 'cam_03': 0, 'cam_04': 0}
INFO preprocessing.run_vggt: Loading VGGT-Omega on cuda:0 from 'checkpoints/vggt_omega/vggt_omega_1b_512.pt' …
INFO preprocessing.run_vggt: Loading VGGT-Omega on cuda:2 from 'checkpoints/vggt_omega/vggt_omega_1b_512.pt' …
INFO dinov3: using base=100 for rope new
INFO dinov3: using min_period=None for rope new
INFO dinov3: using max_period=None for rope new
INFO dinov3: using base=100 for rope new
INFO dinov3: using normalize_coords=max for rope new
INFO dinov3: using shift_coords=None for rope new
INFO dinov3: using min_period=None for rope new
INFO dinov3: using rescale_coords=None for rope new
INFO dinov3: using jitter_coords=None for rope new
INFO dinov3: using max_period=None for rope new
INFO dinov3: using dtype=fp32 for rope new
INFO dinov3: using normalize_coords=max for rope new
INFO dinov3: using shift_coords=None for rope new
INFO dinov3: using rescale_coords=None for rope new
INFO dinov3: using jitter_coords=None for rope new
INFO dinov3: using dtype=fp32 for rope new
INFO dinov3: using mlp layer as FFN
INFO dinov3: using mlp layer as FFN
INFO preprocessing.run_vggt: Loading VGGT-Omega on cuda:1 from 'checkpoints/vggt_omega/vggt_omega_1b_512.pt' …
INFO preprocessing.run_vggt: Loading VGGT-Omega on cuda:3 from 'checkpoints/vggt_omega/vggt_omega_1b_512.pt' …
INFO dinov3: using base=100 for rope new
INFO dinov3: using min_period=None for rope new
INFO dinov3: using base=100 for rope new
INFO dinov3: using max_period=None for rope new
INFO dinov3: using normalize_coords=max for rope new
INFO dinov3: using shift_coords=None for rope new
INFO dinov3: using min_period=None for rope new
INFO dinov3: using rescale_coords=None for rope new
INFO dinov3: using jitter_coords=None for rope new
INFO dinov3: using max_period=None for rope new
INFO dinov3: using dtype=fp32 for rope new
INFO dinov3: using normalize_coords=max for rope new
INFO dinov3: using shift_coords=None for rope new
INFO dinov3: using rescale_coords=None for rope new
INFO dinov3: using jitter_coords=None for rope new
INFO dinov3: using dtype=fp32 for rope new
INFO dinov3: using mlp layer as FFN
INFO dinov3: using mlp layer as FFN
INFO preprocessing.run_vggt: VGGT-Omega ready.
INFO preprocessing.run_vggt: VGGT-Omega ready.
INFO preprocessing.run_vggt: VGGT-Omega ready.
INFO preprocessing.run_vggt: VGGT-Omega ready.
/users/tnanni/ghost/preprocessing/run_vggt.py:224: UserWarning: Found images with different shapes: {(448, 592), (432, 592)}; padding to a common size.
  sample = load_and_preprocess_images(present, image_resolution=self.resolution)
INFO preprocessing.run_vggt:   VGGT-Omega output resolution: 448×592
/users/tnanni/ghost/preprocessing/run_vggt.py:224: UserWarning: Found images with different shapes: {(448, 592), (432, 592)}; padding to a common size.
  sample = load_and_preprocess_images(present, image_resolution=self.resolution)
INFO preprocessing.run_vggt:   VGGT-Omega output resolution: 448×592
/users/tnanni/ghost/preprocessing/run_vggt.py:224: UserWarning: Found images with different shapes: {(448, 592), (432, 592)}; padding to a common size.
  sample = load_and_preprocess_images(present, image_resolution=self.resolution)
INFO preprocessing.run_vggt:   VGGT-Omega output resolution: 448×592
/users/tnanni/ghost/preprocessing/run_vggt.py:224: UserWarning: Found images with different shapes: {(448, 592), (432, 592)}; padding to a common size.
  sample = load_and_preprocess_images(present, image_resolution=self.resolution)
INFO preprocessing.run_vggt:   VGGT-Omega output resolution: 448×592
/users/tnanni/ghost/preprocessing/run_vggt.py:172: UserWarning: Found images with different shapes: {(448, 592), (432, 592)}; padding to a common size.
  images = load_and_preprocess_images(
/users/tnanni/ghost/preprocessing/run_vggt.py:172: UserWarning: Found images with different shapes: {(448, 592), (432, 592)}; padding to a common size.
  images = load_and_preprocess_images(
/users/tnanni/ghost/preprocessing/run_vggt.py:172: UserWarning: Found images with different shapes: {(448, 592), (432, 592)}; padding to a common size.
  images = load_and_preprocess_images(
/users/tnanni/ghost/preprocessing/run_vggt.py:172: UserWarning: Found images with different shapes: {(448, 592), (432, 592)}; padding to a common size.
  images = load_and_preprocess_images(
INFO preprocessing.run_vggt:   [cuda:1] 20/41 frames done.
INFO preprocessing.run_vggt:   [cuda:3] 20/41 frames done.
INFO preprocessing.run_vggt:   [cuda:0] 20/41 frames done.
INFO preprocessing.run_vggt:   [cuda:2] 20/41 frames done.
INFO preprocessing.run_vggt:   [cuda:1] 40/41 frames done.
INFO preprocessing.run_vggt:   [cuda:0] 40/41 frames done.
INFO preprocessing.run_vggt:   [cuda:3] 40/41 frames done.
INFO preprocessing.run_vggt:   [cuda:2] 40/41 frames done.
INFO preprocessing.run_vggt:   [cuda:1] 41/41 frames done.
INFO preprocessing.run_vggt:   [cuda:0] 41/41 frames done.
INFO preprocessing.run_vggt:   [cuda:3] 41/41 frames done.
INFO preprocessing.run_vggt:   [cuda:2] 41/41 frames done.
INFO preprocessing.run_vggt: [rank 0] chunk saved → /tmp/tmpa4_yhfvd/chunk_00.npz
INFO preprocessing.run_vggt: [rank 1] chunk saved → /tmp/tmpa4_yhfvd/chunk_01.npz
INFO preprocessing.run_vggt: [rank 2] chunk saved → /tmp/tmpa4_yhfvd/chunk_02.npz
INFO preprocessing.run_vggt: [rank 3] chunk saved → /tmp/tmpa4_yhfvd/chunk_03.npz
INFO preprocessing.run_vggt: Saved cameras → /iopsstor/scratch/cscs/tnanni/ghost_outputs/rich_test_sync/ParkingLot2_009_burpeejump2/trial0/vggt_cameras_centered.npz  extrinsics shape=(164, 4, 3, 4)
INFO preprocessing.run_vggt: Depth stats → valid_frames=164/164  nonzero_pixels=173981696  raw depth: min=0.1737 max=11.5391 mean=1.0636
INFO preprocessing.run_vggt: Saved depth   → /iopsstor/scratch/cscs/tnanni/ghost_outputs/rich_test_sync/ParkingLot2_009_burpeejump2/trial0/vggt_depth_centered.npz  depth shape=(164, 4, 448, 592) dtype=uint16
INFO preprocessing.run_mapanything: trial0: T=164  K=4  MA=448×588
INFO preprocessing.run_mapanything: trial0: scale mean=6.4368  std=0.1677  nan_filled=0  time=19.7s
INFO __main__:   Built /iopsstor/scratch/cscs/tnanni/ghost_outputs/rich_test_sync/ParkingLot2_009_burpeejump2/trial0  (sync_mae=0.00 frames)
INFO __main__: 
============================================================
Scene: ParkingLot2_009_impro1  cameras=['cam_00', 'cam_02', 'cam_03', 'cam_04']  sync persons=[1]
INFO __main__: 
-- Trial 1/1 --
INFO __main__:   true shifts: {'cam_00': 0, 'cam_02': -25, 'cam_03': 6, 'cam_04': 15}  end_cuts: {'cam_00': 43, 'cam_02': 20, 'cam_03': 7, 'cam_04': 38}
INFO __main__:   shift_hat:   {'cam_00': 0, 'cam_02': -25, 'cam_03': 6, 'cam_04': 15}  |err|={'cam_00': 0, 'cam_02': 0, 'cam_03': 0, 'cam_04': 0}
INFO preprocessing.run_vggt: Loading VGGT-Omega on cuda:3 from 'checkpoints/vggt_omega/vggt_omega_1b_512.pt' …
INFO preprocessing.run_vggt: Loading VGGT-Omega on cuda:2 from 'checkpoints/vggt_omega/vggt_omega_1b_512.pt' …
INFO preprocessing.run_vggt: Loading VGGT-Omega on cuda:1 from 'checkpoints/vggt_omega/vggt_omega_1b_512.pt' …
INFO dinov3: using base=100 for rope new
INFO dinov3: using base=100 for rope new
INFO dinov3: using base=100 for rope new
INFO dinov3: using min_period=None for rope new
INFO dinov3: using min_period=None for rope new
INFO dinov3: using max_period=None for rope new
INFO dinov3: using min_period=None for rope new
INFO dinov3: using max_period=None for rope new
INFO dinov3: using normalize_coords=max for rope new
INFO dinov3: using normalize_coords=max for rope new
INFO dinov3: using shift_coords=None for rope new
INFO dinov3: using max_period=None for rope new
INFO dinov3: using shift_coords=None for rope new
INFO dinov3: using rescale_coords=None for rope new
INFO dinov3: using normalize_coords=max for rope new
INFO dinov3: using rescale_coords=None for rope new
INFO dinov3: using jitter_coords=None for rope new
INFO dinov3: using shift_coords=None for rope new
INFO dinov3: using jitter_coords=None for rope new
INFO dinov3: using dtype=fp32 for rope new
INFO dinov3: using rescale_coords=None for rope new
INFO dinov3: using dtype=fp32 for rope new
INFO dinov3: using jitter_coords=None for rope new
INFO dinov3: using dtype=fp32 for rope new
INFO dinov3: using mlp layer as FFN
INFO dinov3: using mlp layer as FFN
INFO dinov3: using mlp layer as FFN
INFO preprocessing.run_vggt: Loading VGGT-Omega on cuda:0 from 'checkpoints/vggt_omega/vggt_omega_1b_512.pt' …
INFO dinov3: using base=100 for rope new
INFO dinov3: using min_period=None for rope new
INFO dinov3: using max_period=None for rope new
INFO dinov3: using normalize_coords=max for rope new
INFO dinov3: using shift_coords=None for rope new
INFO dinov3: using rescale_coords=None for rope new
INFO dinov3: using jitter_coords=None for rope new
INFO dinov3: using dtype=fp32 for rope new
INFO dinov3: using mlp layer as FFN
INFO preprocessing.run_vggt: VGGT-Omega ready.
INFO preprocessing.run_vggt: VGGT-Omega ready.
INFO preprocessing.run_vggt: VGGT-Omega ready.
INFO preprocessing.run_vggt: VGGT-Omega ready.
/users/tnanni/ghost/preprocessing/run_vggt.py:224: UserWarning: Found images with different shapes: {(448, 592), (432, 592)}; padding to a common size.
  sample = load_and_preprocess_images(present, image_resolution=self.resolution)
INFO preprocessing.run_vggt:   VGGT-Omega output resolution: 448×592
/users/tnanni/ghost/preprocessing/run_vggt.py:224: UserWarning: Found images with different shapes: {(448, 592), (432, 592)}; padding to a common size.
  sample = load_and_preprocess_images(present, image_resolution=self.resolution)
INFO preprocessing.run_vggt:   VGGT-Omega output resolution: 448×592
/users/tnanni/ghost/preprocessing/run_vggt.py:224: UserWarning: Found images with different shapes: {(448, 592), (432, 592)}; padding to a common size.
  sample = load_and_preprocess_images(present, image_resolution=self.resolution)
INFO preprocessing.run_vggt:   VGGT-Omega output resolution: 448×592
/users/tnanni/ghost/preprocessing/run_vggt.py:224: UserWarning: Found images with different shapes: {(448, 592), (432, 592)}; padding to a common size.
  sample = load_and_preprocess_images(present, image_resolution=self.resolution)
INFO preprocessing.run_vggt:   VGGT-Omega output resolution: 448×592
/users/tnanni/ghost/preprocessing/run_vggt.py:172: UserWarning: Found images with different shapes: {(448, 592), (432, 592)}; padding to a common size.
  images = load_and_preprocess_images(
/users/tnanni/ghost/preprocessing/run_vggt.py:172: UserWarning: Found images with different shapes: {(448, 592), (432, 592)}; padding to a common size.
  images = load_and_preprocess_images(
/users/tnanni/ghost/preprocessing/run_vggt.py:172: UserWarning: Found images with different shapes: {(448, 592), (432, 592)}; padding to a common size.
  images = load_and_preprocess_images(
/users/tnanni/ghost/preprocessing/run_vggt.py:172: UserWarning: Found images with different shapes: {(448, 592), (432, 592)}; padding to a common size.
  images = load_and_preprocess_images(
INFO preprocessing.run_vggt:   [cuda:0] 20/202 frames done.
INFO preprocessing.run_vggt:   [cuda:2] 20/202 frames done.
INFO preprocessing.run_vggt:   [cuda:3] 20/202 frames done.
INFO preprocessing.run_vggt:   [cuda:1] 20/202 frames done.
INFO preprocessing.run_vggt:   [cuda:0] 40/202 frames done.
INFO preprocessing.run_vggt:   [cuda:3] 40/202 frames done.
INFO preprocessing.run_vggt:   [cuda:2] 40/202 frames done.
INFO preprocessing.run_vggt:   [cuda:1] 40/202 frames done.
INFO preprocessing.run_vggt:   [cuda:0] 60/202 frames done.
INFO preprocessing.run_vggt:   [cuda:2] 60/202 frames done.
INFO preprocessing.run_vggt:   [cuda:1] 60/202 frames done.
INFO preprocessing.run_vggt:   [cuda:3] 60/202 frames done.
INFO preprocessing.run_vggt:   [cuda:0] 80/202 frames done.
INFO preprocessing.run_vggt:   [cuda:1] 80/202 frames done.
INFO preprocessing.run_vggt:   [cuda:2] 80/202 frames done.
INFO preprocessing.run_vggt:   [cuda:3] 80/202 frames done.
INFO preprocessing.run_vggt:   [cuda:0] 100/202 frames done.
INFO preprocessing.run_vggt:   [cuda:1] 100/202 frames done.
INFO preprocessing.run_vggt:   [cuda:2] 100/202 frames done.
INFO preprocessing.run_vggt:   [cuda:3] 100/202 frames done.
INFO preprocessing.run_vggt:   [cuda:0] 120/202 frames done.
INFO preprocessing.run_vggt:   [cuda:1] 120/202 frames done.
INFO preprocessing.run_vggt:   [cuda:2] 120/202 frames done.
INFO preprocessing.run_vggt:   [cuda:3] 120/202 frames done.
INFO preprocessing.run_vggt:   [cuda:0] 140/202 frames done.
INFO preprocessing.run_vggt:   [cuda:1] 140/202 frames done.
INFO preprocessing.run_vggt:   [cuda:2] 140/202 frames done.
INFO preprocessing.run_vggt:   [cuda:3] 140/202 frames done.
INFO preprocessing.run_vggt:   [cuda:0] 160/202 frames done.
INFO preprocessing.run_vggt:   [cuda:1] 160/202 frames done.
INFO preprocessing.run_vggt:   [cuda:2] 160/202 frames done.
INFO preprocessing.run_vggt:   [cuda:3] 160/202 frames done.
INFO preprocessing.run_vggt:   [cuda:0] 180/202 frames done.
INFO preprocessing.run_vggt:   [cuda:1] 180/202 frames done.
INFO preprocessing.run_vggt:   [cuda:2] 180/202 frames done.
INFO preprocessing.run_vggt:   [cuda:3] 180/202 frames done.
INFO preprocessing.run_vggt:   [cuda:0] 200/202 frames done.
INFO preprocessing.run_vggt:   [cuda:0] 202/202 frames done.
INFO preprocessing.run_vggt:   [cuda:1] 200/202 frames done.
INFO preprocessing.run_vggt:   [cuda:1] 202/202 frames done.
INFO preprocessing.run_vggt:   [cuda:2] 200/202 frames done.
INFO preprocessing.run_vggt:   [cuda:3] 200/202 frames done.
INFO preprocessing.run_vggt:   [cuda:2] 202/202 frames done.
INFO preprocessing.run_vggt:   [cuda:3] 202/202 frames done.
INFO preprocessing.run_vggt: [rank 2] chunk saved → /tmp/tmpa1z0fjq4/chunk_02.npz
INFO preprocessing.run_vggt: [rank 0] chunk saved → /tmp/tmpa1z0fjq4/chunk_00.npz
INFO preprocessing.run_vggt: [rank 3] chunk saved → /tmp/tmpa1z0fjq4/chunk_03.npz
INFO preprocessing.run_vggt: [rank 1] chunk saved → /tmp/tmpa1z0fjq4/chunk_01.npz
INFO preprocessing.run_vggt: Saved cameras → /iopsstor/scratch/cscs/tnanni/ghost_outputs/rich_test_sync/ParkingLot2_009_impro1/trial0/vggt_cameras_centered.npz  extrinsics shape=(808, 4, 3, 4)
INFO preprocessing.run_vggt: Depth stats → valid_frames=808/808  nonzero_pixels=857178112  raw depth: min=0.1764 max=11.1875 mean=1.0330
INFO preprocessing.run_vggt: Saved depth   → /iopsstor/scratch/cscs/tnanni/ghost_outputs/rich_test_sync/ParkingLot2_009_impro1/trial0/vggt_depth_centered.npz  depth shape=(808, 4, 448, 592) dtype=uint16
INFO preprocessing.run_mapanything: trial0: T=808  K=4  MA=448×588
INFO preprocessing.run_mapanything: trial0: scale mean=6.3739  std=0.1563  nan_filled=0  time=99.9s
INFO __main__:   Built /iopsstor/scratch/cscs/tnanni/ghost_outputs/rich_test_sync/ParkingLot2_009_impro1/trial0  (sync_mae=0.00 frames)
INFO __main__: 
============================================================
Scene: ParkingLot2_009_impro2  cameras=['cam_00', 'cam_03', 'cam_04', 'cam_05']  sync persons=[1]
INFO __main__: 
-- Trial 1/1 --
INFO __main__:   true shifts: {'cam_00': 0, 'cam_03': 12, 'cam_04': 18, 'cam_05': -37}  end_cuts: {'cam_00': 14, 'cam_03': 35, 'cam_04': 38, 'cam_05': 20}
INFO __main__:   shift_hat:   {'cam_00': 0, 'cam_03': 12, 'cam_04': 18, 'cam_05': -37}  |err|={'cam_00': 0, 'cam_03': 0, 'cam_04': 0, 'cam_05': 0}
INFO preprocessing.run_vggt: Loading VGGT-Omega on cuda:3 from 'checkpoints/vggt_omega/vggt_omega_1b_512.pt' …
INFO preprocessing.run_vggt: Loading VGGT-Omega on cuda:2 from 'checkpoints/vggt_omega/vggt_omega_1b_512.pt' …
INFO preprocessing.run_vggt: Loading VGGT-Omega on cuda:0 from 'checkpoints/vggt_omega/vggt_omega_1b_512.pt' …
INFO preprocessing.run_vggt: Loading VGGT-Omega on cuda:1 from 'checkpoints/vggt_omega/vggt_omega_1b_512.pt' …
INFO dinov3: using base=100 for rope new
INFO dinov3: using min_period=None for rope new
INFO dinov3: using base=100 for rope new
INFO dinov3: using max_period=None for rope new
INFO dinov3: using normalize_coords=max for rope new
INFO dinov3: using min_period=None for rope new
INFO dinov3: using shift_coords=None for rope new
INFO dinov3: using rescale_coords=None for rope new
INFO dinov3: using max_period=None for rope new
INFO dinov3: using jitter_coords=None for rope new
INFO dinov3: using normalize_coords=max for rope new
INFO dinov3: using dtype=fp32 for rope new
INFO dinov3: using shift_coords=None for rope new
INFO dinov3: using rescale_coords=None for rope new
INFO dinov3: using base=100 for rope new
INFO dinov3: using jitter_coords=None for rope new
INFO dinov3: using dtype=fp32 for rope new
INFO dinov3: using min_period=None for rope new
INFO dinov3: using max_period=None for rope new
INFO dinov3: using normalize_coords=max for rope new
INFO dinov3: using shift_coords=None for rope new
INFO dinov3: using rescale_coords=None for rope new
INFO dinov3: using jitter_coords=None for rope new
INFO dinov3: using dtype=fp32 for rope new
INFO dinov3: using base=100 for rope new
INFO dinov3: using min_period=None for rope new
INFO dinov3: using max_period=None for rope new
INFO dinov3: using normalize_coords=max for rope new
INFO dinov3: using shift_coords=None for rope new
INFO dinov3: using rescale_coords=None for rope new
INFO dinov3: using jitter_coords=None for rope new
INFO dinov3: using dtype=fp32 for rope new
INFO dinov3: using mlp layer as FFN
INFO dinov3: using mlp layer as FFN
INFO dinov3: using mlp layer as FFN
INFO dinov3: using mlp layer as FFN
INFO preprocessing.run_vggt: VGGT-Omega ready.
INFO preprocessing.run_vggt: VGGT-Omega ready.
INFO preprocessing.run_vggt: VGGT-Omega ready.
INFO preprocessing.run_vggt: VGGT-Omega ready.
/users/tnanni/ghost/preprocessing/run_vggt.py:224: UserWarning: Found images with different shapes: {(448, 592), (432, 592), (432, 608)}; padding to a common size.
  sample = load_and_preprocess_images(present, image_resolution=self.resolution)
INFO preprocessing.run_vggt:   VGGT-Omega output resolution: 448×608
/users/tnanni/ghost/preprocessing/run_vggt.py:224: UserWarning: Found images with different shapes: {(448, 592), (432, 592), (432, 608)}; padding to a common size.
  sample = load_and_preprocess_images(present, image_resolution=self.resolution)
INFO preprocessing.run_vggt:   VGGT-Omega output resolution: 448×608
/users/tnanni/ghost/preprocessing/run_vggt.py:224: UserWarning: Found images with different shapes: {(448, 592), (432, 592), (432, 608)}; padding to a common size.
  sample = load_and_preprocess_images(present, image_resolution=self.resolution)
/users/tnanni/ghost/preprocessing/run_vggt.py:224: UserWarning: Found images with different shapes: {(448, 592), (432, 592), (432, 608)}; padding to a common size.
  sample = load_and_preprocess_images(present, image_resolution=self.resolution)
INFO preprocessing.run_vggt:   VGGT-Omega output resolution: 448×608
INFO preprocessing.run_vggt:   VGGT-Omega output resolution: 448×608
/users/tnanni/ghost/preprocessing/run_vggt.py:172: UserWarning: Found images with different shapes: {(448, 592), (432, 592), (432, 608)}; padding to a common size.
  images = load_and_preprocess_images(
/users/tnanni/ghost/preprocessing/run_vggt.py:172: UserWarning: Found images with different shapes: {(448, 592), (432, 592), (432, 608)}; padding to a common size.
  images = load_and_preprocess_images(
/users/tnanni/ghost/preprocessing/run_vggt.py:172: UserWarning: Found images with different shapes: {(448, 592), (432, 592), (432, 608)}; padding to a common size.
  images = load_and_preprocess_images(
/users/tnanni/ghost/preprocessing/run_vggt.py:172: UserWarning: Found images with different shapes: {(448, 592), (432, 592), (432, 608)}; padding to a common size.
  images = load_and_preprocess_images(
INFO preprocessing.run_vggt:   [cuda:0] 20/237 frames done.
INFO preprocessing.run_vggt:   [cuda:2] 20/237 frames done.
INFO preprocessing.run_vggt:   [cuda:3] 20/237 frames done.
INFO preprocessing.run_vggt:   [cuda:1] 20/237 frames done.
INFO preprocessing.run_vggt:   [cuda:0] 40/237 frames done.
INFO preprocessing.run_vggt:   [cuda:2] 40/237 frames done.
INFO preprocessing.run_vggt:   [cuda:3] 40/237 frames done.
INFO preprocessing.run_vggt:   [cuda:1] 40/237 frames done.
INFO preprocessing.run_vggt:   [cuda:2] 60/237 frames done.
INFO preprocessing.run_vggt:   [cuda:3] 60/237 frames done.
INFO preprocessing.run_vggt:   [cuda:1] 60/237 frames done.
INFO preprocessing.run_vggt:   [cuda:0] 60/237 frames done.
INFO preprocessing.run_vggt:   [cuda:3] 80/237 frames done.
INFO preprocessing.run_vggt:   [cuda:1] 80/237 frames done.
INFO preprocessing.run_vggt:   [cuda:2] 80/237 frames done.
INFO preprocessing.run_vggt:   [cuda:0] 80/237 frames done.
INFO preprocessing.run_vggt:   [cuda:1] 100/237 frames done.
INFO preprocessing.run_vggt:   [cuda:3] 100/237 frames done.
INFO preprocessing.run_vggt:   [cuda:2] 100/237 frames done.
INFO preprocessing.run_vggt:   [cuda:0] 100/237 frames done.
INFO preprocessing.run_vggt:   [cuda:2] 120/237 frames done.
INFO preprocessing.run_vggt:   [cuda:3] 120/237 frames done.
INFO preprocessing.run_vggt:   [cuda:1] 120/237 frames done.
INFO preprocessing.run_vggt:   [cuda:0] 120/237 frames done.
INFO preprocessing.run_vggt:   [cuda:2] 140/237 frames done.
INFO preprocessing.run_vggt:   [cuda:1] 140/237 frames done.
INFO preprocessing.run_vggt:   [cuda:3] 140/237 frames done.
INFO preprocessing.run_vggt:   [cuda:0] 140/237 frames done.
INFO preprocessing.run_vggt:   [cuda:2] 160/237 frames done.
INFO preprocessing.run_vggt:   [cuda:1] 160/237 frames done.
INFO preprocessing.run_vggt:   [cuda:3] 160/237 frames done.
INFO preprocessing.run_vggt:   [cuda:0] 160/237 frames done.
INFO preprocessing.run_vggt:   [cuda:2] 180/237 frames done.
INFO preprocessing.run_vggt:   [cuda:1] 180/237 frames done.
INFO preprocessing.run_vggt:   [cuda:3] 180/237 frames done.
INFO preprocessing.run_vggt:   [cuda:0] 180/237 frames done.
INFO preprocessing.run_vggt:   [cuda:2] 200/237 frames done.
INFO preprocessing.run_vggt:   [cuda:1] 200/237 frames done.
INFO preprocessing.run_vggt:   [cuda:3] 200/237 frames done.
INFO preprocessing.run_vggt:   [cuda:0] 200/237 frames done.
INFO preprocessing.run_vggt:   [cuda:2] 220/237 frames done.
INFO preprocessing.run_vggt:   [cuda:1] 220/237 frames done.
INFO preprocessing.run_vggt:   [cuda:3] 220/237 frames done.
INFO preprocessing.run_vggt:   [cuda:0] 220/237 frames done.
INFO preprocessing.run_vggt:   [cuda:2] 237/237 frames done.
INFO preprocessing.run_vggt:   [cuda:1] 237/237 frames done.
INFO preprocessing.run_vggt:   [cuda:3] 237/237 frames done.
INFO preprocessing.run_vggt:   [cuda:0] 237/237 frames done.
INFO preprocessing.run_vggt: [rank 0] chunk saved → /tmp/tmpubzo9hr5/chunk_00.npz
INFO preprocessing.run_vggt: [rank 2] chunk saved → /tmp/tmpubzo9hr5/chunk_02.npz
INFO preprocessing.run_vggt: [rank 1] chunk saved → /tmp/tmpubzo9hr5/chunk_01.npz
INFO preprocessing.run_vggt: [rank 3] chunk saved → /tmp/tmpubzo9hr5/chunk_03.npz
INFO preprocessing.run_vggt: Saved cameras → /iopsstor/scratch/cscs/tnanni/ghost_outputs/rich_test_sync/ParkingLot2_009_impro2/trial0/vggt_cameras_centered.npz  extrinsics shape=(948, 4, 3, 4)
INFO preprocessing.run_vggt: Depth stats → valid_frames=948/948  nonzero_pixels=1032880128  raw depth: min=0.1843 max=12.3203 mean=1.1358
INFO preprocessing.run_vggt: Saved depth   → /iopsstor/scratch/cscs/tnanni/ghost_outputs/rich_test_sync/ParkingLot2_009_impro2/trial0/vggt_depth_centered.npz  depth shape=(948, 4, 448, 608) dtype=uint16
INFO preprocessing.run_mapanything: trial0: T=948  K=4  MA=448×602
INFO preprocessing.run_mapanything: trial0: scale mean=6.4018  std=0.1517  nan_filled=0  time=117.3s
INFO __main__:   Built /iopsstor/scratch/cscs/tnanni/ghost_outputs/rich_test_sync/ParkingLot2_009_impro2/trial0  (sync_mae=0.00 frames)
INFO __main__: 
============================================================
Scene: ParkingLot2_009_impro5  cameras=['cam_00', 'cam_02', 'cam_04', 'cam_05']  sync persons=[1]
INFO __main__: 
-- Trial 1/1 --
INFO __main__:   true shifts: {'cam_00': 0, 'cam_02': 28, 'cam_04': 31, 'cam_05': -10}  end_cuts: {'cam_00': 41, 'cam_02': 13, 'cam_04': 11, 'cam_05': 31}
INFO __main__:   shift_hat:   {'cam_00': 0, 'cam_02': 28, 'cam_04': 31, 'cam_05': -10}  |err|={'cam_00': 0, 'cam_02': 0, 'cam_04': 0, 'cam_05': 0}
INFO preprocessing.run_vggt: Loading VGGT-Omega on cuda:1 from 'checkpoints/vggt_omega/vggt_omega_1b_512.pt' …
INFO preprocessing.run_vggt: Loading VGGT-Omega on cuda:2 from 'checkpoints/vggt_omega/vggt_omega_1b_512.pt' …
INFO preprocessing.run_vggt: Loading VGGT-Omega on cuda:3 from 'checkpoints/vggt_omega/vggt_omega_1b_512.pt' …
INFO preprocessing.run_vggt: Loading VGGT-Omega on cuda:0 from 'checkpoints/vggt_omega/vggt_omega_1b_512.pt' …
INFO dinov3: using base=100 for rope new
INFO dinov3: using min_period=None for rope new
INFO dinov3: using base=100 for rope new
INFO dinov3: using max_period=None for rope new
INFO dinov3: using normalize_coords=max for rope new
INFO dinov3: using shift_coords=None for rope new
INFO dinov3: using min_period=None for rope new
INFO dinov3: using rescale_coords=None for rope new
INFO dinov3: using jitter_coords=None for rope new
INFO dinov3: using max_period=None for rope new
INFO dinov3: using dtype=fp32 for rope new
INFO dinov3: using normalize_coords=max for rope new
INFO dinov3: using shift_coords=None for rope new
INFO dinov3: using rescale_coords=None for rope new
INFO dinov3: using base=100 for rope new
INFO dinov3: using jitter_coords=None for rope new
INFO dinov3: using dtype=fp32 for rope new
INFO dinov3: using min_period=None for rope new
INFO dinov3: using max_period=None for rope new
INFO dinov3: using normalize_coords=max for rope new
INFO dinov3: using shift_coords=None for rope new
INFO dinov3: using base=100 for rope new
INFO dinov3: using rescale_coords=None for rope new
INFO dinov3: using jitter_coords=None for rope new
INFO dinov3: using dtype=fp32 for rope new
INFO dinov3: using min_period=None for rope new
INFO dinov3: using max_period=None for rope new
INFO dinov3: using normalize_coords=max for rope new
INFO dinov3: using shift_coords=None for rope new
INFO dinov3: using rescale_coords=None for rope new
INFO dinov3: using jitter_coords=None for rope new
INFO dinov3: using dtype=fp32 for rope new
INFO dinov3: using mlp layer as FFN
INFO dinov3: using mlp layer as FFN
INFO dinov3: using mlp layer as FFN
INFO dinov3: using mlp layer as FFN
INFO preprocessing.run_vggt: VGGT-Omega ready.
INFO preprocessing.run_vggt: VGGT-Omega ready.
INFO preprocessing.run_vggt: VGGT-Omega ready.
INFO preprocessing.run_vggt: VGGT-Omega ready.
/users/tnanni/ghost/preprocessing/run_vggt.py:224: UserWarning: Found images with different shapes: {(448, 592), (432, 608)}; padding to a common size.
  sample = load_and_preprocess_images(present, image_resolution=self.resolution)
INFO preprocessing.run_vggt:   VGGT-Omega output resolution: 448×608
/users/tnanni/ghost/preprocessing/run_vggt.py:224: UserWarning: Found images with different shapes: {(448, 592), (432, 608)}; padding to a common size.
  sample = load_and_preprocess_images(present, image_resolution=self.resolution)
INFO preprocessing.run_vggt:   VGGT-Omega output resolution: 448×608
/users/tnanni/ghost/preprocessing/run_vggt.py:224: UserWarning: Found images with different shapes: {(448, 592), (432, 608)}; padding to a common size.
  sample = load_and_preprocess_images(present, image_resolution=self.resolution)
INFO preprocessing.run_vggt:   VGGT-Omega output resolution: 448×608
/users/tnanni/ghost/preprocessing/run_vggt.py:224: UserWarning: Found images with different shapes: {(448, 592), (432, 608)}; padding to a common size.
  sample = load_and_preprocess_images(present, image_resolution=self.resolution)
INFO preprocessing.run_vggt:   VGGT-Omega output resolution: 448×608
/users/tnanni/ghost/preprocessing/run_vggt.py:172: UserWarning: Found images with different shapes: {(448, 592), (432, 608)}; padding to a common size.
  images = load_and_preprocess_images(
/users/tnanni/ghost/preprocessing/run_vggt.py:172: UserWarning: Found images with different shapes: {(448, 592), (432, 608)}; padding to a common size.
  images = load_and_preprocess_images(
/users/tnanni/ghost/preprocessing/run_vggt.py:172: UserWarning: Found images with different shapes: {(448, 592), (432, 608)}; padding to a common size.
  images = load_and_preprocess_images(
/users/tnanni/ghost/preprocessing/run_vggt.py:172: UserWarning: Found images with different shapes: {(448, 592), (432, 608)}; padding to a common size.
  images = load_and_preprocess_images(
INFO preprocessing.run_vggt:   [cuda:2] 20/117 frames done.
INFO preprocessing.run_vggt:   [cuda:3] 20/117 frames done.
INFO preprocessing.run_vggt:   [cuda:0] 20/117 frames done.
INFO preprocessing.run_vggt:   [cuda:1] 20/117 frames done.
INFO preprocessing.run_vggt:   [cuda:2] 40/117 frames done.
INFO preprocessing.run_vggt:   [cuda:3] 40/117 frames done.
INFO preprocessing.run_vggt:   [cuda:1] 40/117 frames done.
INFO preprocessing.run_vggt:   [cuda:0] 40/117 frames done.
INFO preprocessing.run_vggt:   [cuda:2] 60/117 frames done.
INFO preprocessing.run_vggt:   [cuda:3] 60/117 frames done.
INFO preprocessing.run_vggt:   [cuda:0] 60/117 frames done.
INFO preprocessing.run_vggt:   [cuda:1] 60/117 frames done.
INFO preprocessing.run_vggt:   [cuda:3] 80/117 frames done.
INFO preprocessing.run_vggt:   [cuda:2] 80/117 frames done.
INFO preprocessing.run_vggt:   [cuda:0] 80/117 frames done.
INFO preprocessing.run_vggt:   [cuda:1] 80/117 frames done.
INFO preprocessing.run_vggt:   [cuda:2] 100/117 frames done.
INFO preprocessing.run_vggt:   [cuda:3] 100/117 frames done.
INFO preprocessing.run_vggt:   [cuda:0] 100/117 frames done.
INFO preprocessing.run_vggt:   [cuda:1] 100/117 frames done.
INFO preprocessing.run_vggt:   [cuda:3] 117/117 frames done.
INFO preprocessing.run_vggt:   [cuda:2] 117/117 frames done.
INFO preprocessing.run_vggt:   [cuda:0] 117/117 frames done.
INFO preprocessing.run_vggt:   [cuda:1] 117/117 frames done.
INFO preprocessing.run_vggt: [rank 0] chunk saved → /tmp/tmp8jo7734g/chunk_00.npz
INFO preprocessing.run_vggt: [rank 1] chunk saved → /tmp/tmp8jo7734g/chunk_01.npz
INFO preprocessing.run_vggt: [rank 2] chunk saved → /tmp/tmp8jo7734g/chunk_02.npz
INFO preprocessing.run_vggt: [rank 3] chunk saved → /tmp/tmp8jo7734g/chunk_03.npz
INFO preprocessing.run_vggt: Saved cameras → /iopsstor/scratch/cscs/tnanni/ghost_outputs/rich_test_sync/ParkingLot2_009_impro5/trial0/vggt_cameras_centered.npz  extrinsics shape=(468, 4, 3, 4)
INFO preprocessing.run_vggt: Depth stats → valid_frames=468/468  nonzero_pixels=509902848  raw depth: min=0.2302 max=11.4609 mean=1.0695
INFO preprocessing.run_vggt: Saved depth   → /iopsstor/scratch/cscs/tnanni/ghost_outputs/rich_test_sync/ParkingLot2_009_impro5/trial0/vggt_depth_centered.npz  depth shape=(468, 4, 448, 608) dtype=uint16
INFO preprocessing.run_mapanything: trial0: T=468  K=4  MA=448×602
INFO preprocessing.run_mapanything: trial0: scale mean=6.1765  std=0.1141  nan_filled=0  time=57.1s
INFO __main__:   Built /iopsstor/scratch/cscs/tnanni/ghost_outputs/rich_test_sync/ParkingLot2_009_impro5/trial0  (sync_mae=0.00 frames)
INFO __main__: 
============================================================
Scene: ParkingLot2_009_overfence1  cameras=['cam_00', 'cam_03', 'cam_04', 'cam_05']  sync persons=[1]
INFO __main__: 
-- Trial 1/1 --
INFO __main__:   true shifts: {'cam_00': 0, 'cam_03': 12, 'cam_04': -33, 'cam_05': 30}  end_cuts: {'cam_00': 9, 'cam_03': 37, 'cam_04': 0, 'cam_05': 36}
INFO __main__:   shift_hat:   {'cam_00': 0, 'cam_03': 12, 'cam_04': -33, 'cam_05': 30}  |err|={'cam_00': 0, 'cam_03': 0, 'cam_04': 0, 'cam_05': 0}
INFO preprocessing.run_vggt: Loading VGGT-Omega on cuda:0 from 'checkpoints/vggt_omega/vggt_omega_1b_512.pt' …
INFO dinov3: using base=100 for rope new
INFO dinov3: using min_period=None for rope new
INFO dinov3: using max_period=None for rope new
INFO dinov3: using normalize_coords=max for rope new
INFO dinov3: using shift_coords=None for rope new
INFO dinov3: using rescale_coords=None for rope new
INFO dinov3: using jitter_coords=None for rope new
INFO dinov3: using dtype=fp32 for rope new
INFO dinov3: using mlp layer as FFN
INFO preprocessing.run_vggt: Loading VGGT-Omega on cuda:2 from 'checkpoints/vggt_omega/vggt_omega_1b_512.pt' …
INFO dinov3: using base=100 for rope new
INFO dinov3: using min_period=None for rope new
INFO dinov3: using max_period=None for rope new
INFO dinov3: using normalize_coords=max for rope new
INFO dinov3: using shift_coords=None for rope new
INFO dinov3: using rescale_coords=None for rope new
INFO dinov3: using jitter_coords=None for rope new
INFO dinov3: using dtype=fp32 for rope new
INFO dinov3: using mlp layer as FFN
INFO preprocessing.run_vggt: Loading VGGT-Omega on cuda:3 from 'checkpoints/vggt_omega/vggt_omega_1b_512.pt' …
INFO preprocessing.run_vggt: Loading VGGT-Omega on cuda:1 from 'checkpoints/vggt_omega/vggt_omega_1b_512.pt' …
INFO dinov3: using base=100 for rope new
INFO dinov3: using min_period=None for rope new
INFO dinov3: using max_period=None for rope new
INFO dinov3: using normalize_coords=max for rope new
INFO dinov3: using shift_coords=None for rope new
INFO dinov3: using rescale_coords=None for rope new
INFO dinov3: using jitter_coords=None for rope new
INFO dinov3: using dtype=fp32 for rope new
INFO dinov3: using mlp layer as FFN
INFO dinov3: using base=100 for rope new
INFO dinov3: using min_period=None for rope new
INFO dinov3: using max_period=None for rope new
INFO dinov3: using normalize_coords=max for rope new
INFO dinov3: using shift_coords=None for rope new
INFO dinov3: using rescale_coords=None for rope new
INFO dinov3: using jitter_coords=None for rope new
INFO dinov3: using dtype=fp32 for rope new
INFO dinov3: using mlp layer as FFN
INFO preprocessing.run_vggt: VGGT-Omega ready.
INFO preprocessing.run_vggt: VGGT-Omega ready.
INFO preprocessing.run_vggt: VGGT-Omega ready.
INFO preprocessing.run_vggt: VGGT-Omega ready.
/users/tnanni/ghost/preprocessing/run_vggt.py:224: UserWarning: Found images with different shapes: {(448, 592), (432, 592), (432, 608)}; padding to a common size.
  sample = load_and_preprocess_images(present, image_resolution=self.resolution)
INFO preprocessing.run_vggt:   VGGT-Omega output resolution: 448×608
/users/tnanni/ghost/preprocessing/run_vggt.py:224: UserWarning: Found images with different shapes: {(448, 592), (432, 592), (432, 608)}; padding to a common size.
  sample = load_and_preprocess_images(present, image_resolution=self.resolution)
INFO preprocessing.run_vggt:   VGGT-Omega output resolution: 448×608
/users/tnanni/ghost/preprocessing/run_vggt.py:224: UserWarning: Found images with different shapes: {(448, 592), (432, 592), (432, 608)}; padding to a common size.
  sample = load_and_preprocess_images(present, image_resolution=self.resolution)
INFO preprocessing.run_vggt:   VGGT-Omega output resolution: 448×608
/users/tnanni/ghost/preprocessing/run_vggt.py:224: UserWarning: Found images with different shapes: {(448, 592), (432, 592), (432, 608)}; padding to a common size.
  sample = load_and_preprocess_images(present, image_resolution=self.resolution)
/users/tnanni/ghost/preprocessing/run_vggt.py:172: UserWarning: Found images with different shapes: {(448, 592), (432, 592), (432, 608)}; padding to a common size.
  images = load_and_preprocess_images(
INFO preprocessing.run_vggt:   VGGT-Omega output resolution: 448×608
/users/tnanni/ghost/preprocessing/run_vggt.py:172: UserWarning: Found images with different shapes: {(448, 592), (432, 592), (432, 608)}; padding to a common size.
  images = load_and_preprocess_images(
/users/tnanni/ghost/preprocessing/run_vggt.py:172: UserWarning: Found images with different shapes: {(448, 592), (432, 592), (432, 608)}; padding to a common size.
  images = load_and_preprocess_images(
/users/tnanni/ghost/preprocessing/run_vggt.py:172: UserWarning: Found images with different shapes: {(448, 592), (432, 592), (432, 608)}; padding to a common size.
  images = load_and_preprocess_images(
INFO preprocessing.run_vggt:   [cuda:3] 20/90 frames done.
INFO preprocessing.run_vggt:   [cuda:2] 20/90 frames done.
INFO preprocessing.run_vggt:   [cuda:1] 20/91 frames done.
INFO preprocessing.run_vggt:   [cuda:0] 20/91 frames done.
INFO preprocessing.run_vggt:   [cuda:3] 40/90 frames done.
INFO preprocessing.run_vggt:   [cuda:2] 40/90 frames done.
INFO preprocessing.run_vggt:   [cuda:1] 40/91 frames done.
INFO preprocessing.run_vggt:   [cuda:0] 40/91 frames done.
INFO preprocessing.run_vggt:   [cuda:3] 60/90 frames done.
INFO preprocessing.run_vggt:   [cuda:2] 60/90 frames done.
INFO preprocessing.run_vggt:   [cuda:1] 60/91 frames done.
INFO preprocessing.run_vggt:   [cuda:0] 60/91 frames done.
INFO preprocessing.run_vggt:   [cuda:3] 80/90 frames done.
INFO preprocessing.run_vggt:   [cuda:2] 80/90 frames done.
INFO preprocessing.run_vggt:   [cuda:1] 80/91 frames done.
INFO preprocessing.run_vggt:   [cuda:0] 80/91 frames done.
INFO preprocessing.run_vggt:   [cuda:2] 90/90 frames done.
INFO preprocessing.run_vggt:   [cuda:3] 90/90 frames done.
INFO preprocessing.run_vggt:   [cuda:0] 91/91 frames done.
INFO preprocessing.run_vggt:   [cuda:1] 91/91 frames done.
INFO preprocessing.run_vggt: [rank 2] chunk saved → /tmp/tmp9d7ct667/chunk_02.npz
INFO preprocessing.run_vggt: [rank 3] chunk saved → /tmp/tmp9d7ct667/chunk_03.npz
INFO preprocessing.run_vggt: [rank 0] chunk saved → /tmp/tmp9d7ct667/chunk_00.npz
INFO preprocessing.run_vggt: [rank 1] chunk saved → /tmp/tmp9d7ct667/chunk_01.npz
INFO preprocessing.run_vggt: Saved cameras → /iopsstor/scratch/cscs/tnanni/ghost_outputs/rich_test_sync/ParkingLot2_009_overfence1/trial0/vggt_cameras_centered.npz  extrinsics shape=(362, 4, 3, 4)
INFO preprocessing.run_vggt: Depth stats → valid_frames=362/362  nonzero_pixels=394412032  raw depth: min=0.1395 max=12.0078 mean=1.1311
INFO preprocessing.run_vggt: Saved depth   → /iopsstor/scratch/cscs/tnanni/ghost_outputs/rich_test_sync/ParkingLot2_009_overfence1/trial0/vggt_depth_centered.npz  depth shape=(362, 4, 448, 608) dtype=uint16
INFO preprocessing.run_mapanything: trial0: T=362  K=4  MA=448×602
INFO preprocessing.run_mapanything: trial0: scale mean=6.3258  std=0.1416  nan_filled=0  time=45.3s
INFO __main__:   Built /iopsstor/scratch/cscs/tnanni/ghost_outputs/rich_test_sync/ParkingLot2_009_overfence1/trial0  (sync_mae=0.00 frames)
INFO __main__: 
============================================================
Scene: ParkingLot2_009_overfence2  cameras=['cam_00', 'cam_01', 'cam_04', 'cam_05']  sync persons=[1]
INFO __main__: 
-- Trial 1/1 --
INFO __main__:   true shifts: {'cam_00': 0, 'cam_01': 26, 'cam_04': 26, 'cam_05': 15}  end_cuts: {'cam_00': 21, 'cam_01': 32, 'cam_04': 12, 'cam_05': 35}
INFO __main__:   shift_hat:   {'cam_00': 0, 'cam_01': 26, 'cam_04': 26, 'cam_05': 15}  |err|={'cam_00': 0, 'cam_01': 0, 'cam_04': 0, 'cam_05': 0}
INFO preprocessing.run_vggt: Loading VGGT-Omega on cuda:0 from 'checkpoints/vggt_omega/vggt_omega_1b_512.pt' …
INFO dinov3: using base=100 for rope new
INFO dinov3: using min_period=None for rope new
INFO dinov3: using max_period=None for rope new
INFO dinov3: using normalize_coords=max for rope new
INFO dinov3: using shift_coords=None for rope new
INFO dinov3: using rescale_coords=None for rope new
INFO dinov3: using jitter_coords=None for rope new
INFO dinov3: using dtype=fp32 for rope new
INFO dinov3: using mlp layer as FFN
INFO preprocessing.run_vggt: Loading VGGT-Omega on cuda:2 from 'checkpoints/vggt_omega/vggt_omega_1b_512.pt' …
INFO dinov3: using base=100 for rope new
INFO dinov3: using min_period=None for rope new
INFO dinov3: using max_period=None for rope new
INFO dinov3: using normalize_coords=max for rope new
INFO dinov3: using shift_coords=None for rope new
INFO dinov3: using rescale_coords=None for rope new
INFO dinov3: using jitter_coords=None for rope new
INFO dinov3: using dtype=fp32 for rope new
INFO dinov3: using mlp layer as FFN
INFO preprocessing.run_vggt: Loading VGGT-Omega on cuda:1 from 'checkpoints/vggt_omega/vggt_omega_1b_512.pt' …
INFO dinov3: using base=100 for rope new
INFO dinov3: using min_period=None for rope new
INFO dinov3: using max_period=None for rope new
INFO dinov3: using normalize_coords=max for rope new
INFO dinov3: using shift_coords=None for rope new
INFO dinov3: using rescale_coords=None for rope new
INFO dinov3: using jitter_coords=None for rope new
INFO dinov3: using dtype=fp32 for rope new
INFO dinov3: using mlp layer as FFN
INFO preprocessing.run_vggt: Loading VGGT-Omega on cuda:3 from 'checkpoints/vggt_omega/vggt_omega_1b_512.pt' …
INFO dinov3: using base=100 for rope new
INFO dinov3: using min_period=None for rope new
INFO dinov3: using max_period=None for rope new
INFO dinov3: using normalize_coords=max for rope new
INFO dinov3: using shift_coords=None for rope new
INFO dinov3: using rescale_coords=None for rope new
INFO dinov3: using jitter_coords=None for rope new
INFO dinov3: using dtype=fp32 for rope new
INFO dinov3: using mlp layer as FFN
INFO preprocessing.run_vggt: VGGT-Omega ready.
INFO preprocessing.run_vggt: VGGT-Omega ready.
INFO preprocessing.run_vggt: VGGT-Omega ready.
INFO preprocessing.run_vggt: VGGT-Omega ready.
/users/tnanni/ghost/preprocessing/run_vggt.py:224: UserWarning: Found images with different shapes: {(448, 592), (432, 608)}; padding to a common size.
  sample = load_and_preprocess_images(present, image_resolution=self.resolution)
INFO preprocessing.run_vggt:   VGGT-Omega output resolution: 448×608
/users/tnanni/ghost/preprocessing/run_vggt.py:224: UserWarning: Found images with different shapes: {(448, 592), (432, 608)}; padding to a common size.
  sample = load_and_preprocess_images(present, image_resolution=self.resolution)
INFO preprocessing.run_vggt:   VGGT-Omega output resolution: 448×608
/users/tnanni/ghost/preprocessing/run_vggt.py:224: UserWarning: Found images with different shapes: {(448, 592), (432, 608)}; padding to a common size.
  sample = load_and_preprocess_images(present, image_resolution=self.resolution)
INFO preprocessing.run_vggt:   VGGT-Omega output resolution: 448×608
/users/tnanni/ghost/preprocessing/run_vggt.py:224: UserWarning: Found images with different shapes: {(448, 592), (432, 608)}; padding to a common size.
  sample = load_and_preprocess_images(present, image_resolution=self.resolution)
INFO preprocessing.run_vggt:   VGGT-Omega output resolution: 448×608
/users/tnanni/ghost/preprocessing/run_vggt.py:172: UserWarning: Found images with different shapes: {(448, 592), (432, 608)}; padding to a common size.
  images = load_and_preprocess_images(
/users/tnanni/ghost/preprocessing/run_vggt.py:172: UserWarning: Found images with different shapes: {(448, 592), (432, 608)}; padding to a common size.
  images = load_and_preprocess_images(
/users/tnanni/ghost/preprocessing/run_vggt.py:172: UserWarning: Found images with different shapes: {(448, 592), (432, 608)}; padding to a common size.
  images = load_and_preprocess_images(
/users/tnanni/ghost/preprocessing/run_vggt.py:172: UserWarning: Found images with different shapes: {(448, 592), (432, 608)}; padding to a common size.
  images = load_and_preprocess_images(
INFO preprocessing.run_vggt:   [cuda:0] 20/88 frames done.
INFO preprocessing.run_vggt:   [cuda:2] 20/87 frames done.
INFO preprocessing.run_vggt:   [cuda:3] 20/87 frames done.
INFO preprocessing.run_vggt:   [cuda:1] 20/87 frames done.
INFO preprocessing.run_vggt:   [cuda:0] 40/88 frames done.
INFO preprocessing.run_vggt:   [cuda:2] 40/87 frames done.
INFO preprocessing.run_vggt:   [cuda:3] 40/87 frames done.
INFO preprocessing.run_vggt:   [cuda:1] 40/87 frames done.
INFO preprocessing.run_vggt:   [cuda:0] 60/88 frames done.
INFO preprocessing.run_vggt:   [cuda:2] 60/87 frames done.
INFO preprocessing.run_vggt:   [cuda:3] 60/87 frames done.
INFO preprocessing.run_vggt:   [cuda:1] 60/87 frames done.
INFO preprocessing.run_vggt:   [cuda:0] 80/88 frames done.
INFO preprocessing.run_vggt:   [cuda:3] 80/87 frames done.
INFO preprocessing.run_vggt:   [cuda:2] 80/87 frames done.
INFO preprocessing.run_vggt:   [cuda:1] 80/87 frames done.
INFO preprocessing.run_vggt:   [cuda:0] 88/88 frames done.
INFO preprocessing.run_vggt:   [cuda:3] 87/87 frames done.
INFO preprocessing.run_vggt:   [cuda:2] 87/87 frames done.
INFO preprocessing.run_vggt:   [cuda:1] 87/87 frames done.
INFO preprocessing.run_vggt: [rank 2] chunk saved → /tmp/tmpm6b_w7z0/chunk_02.npz
INFO preprocessing.run_vggt: [rank 3] chunk saved → /tmp/tmpm6b_w7z0/chunk_03.npz
INFO preprocessing.run_vggt: [rank 1] chunk saved → /tmp/tmpm6b_w7z0/chunk_01.npz
INFO preprocessing.run_vggt: [rank 0] chunk saved → /tmp/tmpm6b_w7z0/chunk_00.npz
INFO preprocessing.run_vggt: Saved cameras → /iopsstor/scratch/cscs/tnanni/ghost_outputs/rich_test_sync/ParkingLot2_009_overfence2/trial0/vggt_cameras_centered.npz  extrinsics shape=(349, 4, 3, 4)
INFO preprocessing.run_vggt: Depth stats → valid_frames=349/349  nonzero_pixels=380248064  raw depth: min=0.2269 max=11.7188 mean=1.1215
INFO preprocessing.run_vggt: Saved depth   → /iopsstor/scratch/cscs/tnanni/ghost_outputs/rich_test_sync/ParkingLot2_009_overfence2/trial0/vggt_depth_centered.npz  depth shape=(349, 4, 448, 608) dtype=uint16
INFO preprocessing.run_mapanything: trial0: T=349  K=4  MA=448×602
INFO preprocessing.run_mapanything: trial0: scale mean=6.0683  std=0.1273  nan_filled=0  time=43.4s
INFO __main__:   Built /iopsstor/scratch/cscs/tnanni/ghost_outputs/rich_test_sync/ParkingLot2_009_overfence2/trial0  (sync_mae=0.00 frames)
INFO __main__: 
============================================================
Scene: ParkingLot2_009_spray1  cameras=['cam_00', 'cam_01', 'cam_02', 'cam_03']  sync persons=[1]
INFO __main__: 
-- Trial 1/1 --
INFO __main__:   true shifts: {'cam_00': 0, 'cam_01': 5, 'cam_02': -4, 'cam_03': 1}  end_cuts: {'cam_00': 26, 'cam_01': 1, 'cam_02': 6, 'cam_03': 11}
INFO __main__:   shift_hat:   {'cam_00': 0, 'cam_01': 5, 'cam_02': -4, 'cam_03': 1}  |err|={'cam_00': 0, 'cam_01': 0, 'cam_02': 0, 'cam_03': 0}
INFO preprocessing.run_vggt: Loading VGGT-Omega on cuda:2 from 'checkpoints/vggt_omega/vggt_omega_1b_512.pt' …
INFO dinov3: using base=100 for rope new
INFO dinov3: using min_period=None for rope new
INFO dinov3: using max_period=None for rope new
INFO dinov3: using normalize_coords=max for rope new
INFO dinov3: using shift_coords=None for rope new
INFO dinov3: using rescale_coords=None for rope new
INFO dinov3: using jitter_coords=None for rope new
INFO dinov3: using dtype=fp32 for rope new
INFO dinov3: using mlp layer as FFN
INFO preprocessing.run_vggt: Loading VGGT-Omega on cuda:3 from 'checkpoints/vggt_omega/vggt_omega_1b_512.pt' …
INFO preprocessing.run_vggt: Loading VGGT-Omega on cuda:1 from 'checkpoints/vggt_omega/vggt_omega_1b_512.pt' …
INFO preprocessing.run_vggt: Loading VGGT-Omega on cuda:0 from 'checkpoints/vggt_omega/vggt_omega_1b_512.pt' …
INFO dinov3: using base=100 for rope new
INFO dinov3: using min_period=None for rope new
INFO dinov3: using max_period=None for rope new
INFO dinov3: using normalize_coords=max for rope new
INFO dinov3: using shift_coords=None for rope new
INFO dinov3: using rescale_coords=None for rope new
INFO dinov3: using jitter_coords=None for rope new
INFO dinov3: using dtype=fp32 for rope new
INFO dinov3: using mlp layer as FFN
INFO dinov3: using base=100 for rope new
INFO dinov3: using min_period=None for rope new
INFO dinov3: using max_period=None for rope new
INFO dinov3: using normalize_coords=max for rope new
INFO dinov3: using shift_coords=None for rope new
INFO dinov3: using rescale_coords=None for rope new
INFO dinov3: using jitter_coords=None for rope new
INFO dinov3: using dtype=fp32 for rope new
INFO dinov3: using mlp layer as FFN
INFO dinov3: using base=100 for rope new
INFO dinov3: using min_period=None for rope new
INFO dinov3: using max_period=None for rope new
INFO dinov3: using normalize_coords=max for rope new
INFO dinov3: using shift_coords=None for rope new
INFO dinov3: using rescale_coords=None for rope new
INFO dinov3: using jitter_coords=None for rope new
INFO dinov3: using dtype=fp32 for rope new
INFO dinov3: using mlp layer as FFN
INFO preprocessing.run_vggt: VGGT-Omega ready.
INFO preprocessing.run_vggt: VGGT-Omega ready.
INFO preprocessing.run_vggt: VGGT-Omega ready.
INFO preprocessing.run_vggt: VGGT-Omega ready.
/users/tnanni/ghost/preprocessing/run_vggt.py:224: UserWarning: Found images with different shapes: {(448, 592), (432, 592)}; padding to a common size.
  sample = load_and_preprocess_images(present, image_resolution=self.resolution)
INFO preprocessing.run_vggt:   VGGT-Omega output resolution: 448×592
/users/tnanni/ghost/preprocessing/run_vggt.py:224: UserWarning: Found images with different shapes: {(448, 592), (432, 592)}; padding to a common size.
  sample = load_and_preprocess_images(present, image_resolution=self.resolution)
INFO preprocessing.run_vggt:   VGGT-Omega output resolution: 448×592
/users/tnanni/ghost/preprocessing/run_vggt.py:224: UserWarning: Found images with different shapes: {(448, 592), (432, 592)}; padding to a common size.
  sample = load_and_preprocess_images(present, image_resolution=self.resolution)
INFO preprocessing.run_vggt:   VGGT-Omega output resolution: 448×592
/users/tnanni/ghost/preprocessing/run_vggt.py:224: UserWarning: Found images with different shapes: {(448, 592), (432, 592)}; padding to a common size.
  sample = load_and_preprocess_images(present, image_resolution=self.resolution)
INFO preprocessing.run_vggt:   VGGT-Omega output resolution: 448×592
/users/tnanni/ghost/preprocessing/run_vggt.py:172: UserWarning: Found images with different shapes: {(448, 592), (432, 592)}; padding to a common size.
  images = load_and_preprocess_images(
/users/tnanni/ghost/preprocessing/run_vggt.py:172: UserWarning: Found images with different shapes: {(448, 592), (432, 592)}; padding to a common size.
  images = load_and_preprocess_images(
/users/tnanni/ghost/preprocessing/run_vggt.py:172: UserWarning: Found images with different shapes: {(448, 592), (432, 592)}; padding to a common size.
  images = load_and_preprocess_images(
/users/tnanni/ghost/preprocessing/run_vggt.py:172: UserWarning: Found images with different shapes: {(448, 592), (432, 592)}; padding to a common size.
  images = load_and_preprocess_images(
INFO preprocessing.run_vggt:   [cuda:2] 20/266 frames done.
INFO preprocessing.run_vggt:   [cuda:0] 20/266 frames done.
INFO preprocessing.run_vggt:   [cuda:1] 20/266 frames done.
INFO preprocessing.run_vggt:   [cuda:3] 20/265 frames done.
INFO preprocessing.run_vggt:   [cuda:0] 40/266 frames done.
INFO preprocessing.run_vggt:   [cuda:1] 40/266 frames done.
INFO preprocessing.run_vggt:   [cuda:2] 40/266 frames done.
INFO preprocessing.run_vggt:   [cuda:3] 40/265 frames done.
INFO preprocessing.run_vggt:   [cuda:1] 60/266 frames done.
INFO preprocessing.run_vggt:   [cuda:2] 60/266 frames done.
INFO preprocessing.run_vggt:   [cuda:0] 60/266 frames done.
INFO preprocessing.run_vggt:   [cuda:3] 60/265 frames done.
INFO preprocessing.run_vggt:   [cuda:1] 80/266 frames done.
INFO preprocessing.run_vggt:   [cuda:2] 80/266 frames done.
INFO preprocessing.run_vggt:   [cuda:0] 80/266 frames done.
INFO preprocessing.run_vggt:   [cuda:3] 80/265 frames done.
INFO preprocessing.run_vggt:   [cuda:1] 100/266 frames done.
INFO preprocessing.run_vggt:   [cuda:2] 100/266 frames done.
INFO preprocessing.run_vggt:   [cuda:0] 100/266 frames done.
INFO preprocessing.run_vggt:   [cuda:3] 100/265 frames done.
INFO preprocessing.run_vggt:   [cuda:1] 120/266 frames done.
INFO preprocessing.run_vggt:   [cuda:2] 120/266 frames done.
INFO preprocessing.run_vggt:   [cuda:0] 120/266 frames done.
INFO preprocessing.run_vggt:   [cuda:3] 120/265 frames done.
INFO preprocessing.run_vggt:   [cuda:1] 140/266 frames done.
INFO preprocessing.run_vggt:   [cuda:2] 140/266 frames done.
INFO preprocessing.run_vggt:   [cuda:3] 140/265 frames done.
INFO preprocessing.run_vggt:   [cuda:0] 140/266 frames done.
INFO preprocessing.run_vggt:   [cuda:2] 160/266 frames done.
INFO preprocessing.run_vggt:   [cuda:1] 160/266 frames done.
INFO preprocessing.run_vggt:   [cuda:3] 160/265 frames done.
INFO preprocessing.run_vggt:   [cuda:0] 160/266 frames done.
INFO preprocessing.run_vggt:   [cuda:1] 180/266 frames done.
INFO preprocessing.run_vggt:   [cuda:2] 180/266 frames done.
INFO preprocessing.run_vggt:   [cuda:3] 180/265 frames done.
INFO preprocessing.run_vggt:   [cuda:0] 180/266 frames done.
INFO preprocessing.run_vggt:   [cuda:2] 200/266 frames done.
INFO preprocessing.run_vggt:   [cuda:1] 200/266 frames done.
INFO preprocessing.run_vggt:   [cuda:3] 200/265 frames done.
INFO preprocessing.run_vggt:   [cuda:0] 200/266 frames done.
INFO preprocessing.run_vggt:   [cuda:2] 220/266 frames done.
INFO preprocessing.run_vggt:   [cuda:1] 220/266 frames done.
INFO preprocessing.run_vggt:   [cuda:3] 220/265 frames done.
INFO preprocessing.run_vggt:   [cuda:0] 220/266 frames done.
INFO preprocessing.run_vggt:   [cuda:1] 240/266 frames done.
INFO preprocessing.run_vggt:   [cuda:2] 240/266 frames done.
INFO preprocessing.run_vggt:   [cuda:3] 240/265 frames done.
INFO preprocessing.run_vggt:   [cuda:0] 240/266 frames done.
INFO preprocessing.run_vggt:   [cuda:1] 260/266 frames done.
INFO preprocessing.run_vggt:   [cuda:2] 260/266 frames done.
INFO preprocessing.run_vggt:   [cuda:3] 260/265 frames done.
INFO preprocessing.run_vggt:   [cuda:0] 260/266 frames done.
INFO preprocessing.run_vggt:   [cuda:1] 266/266 frames done.
INFO preprocessing.run_vggt:   [cuda:3] 265/265 frames done.
INFO preprocessing.run_vggt:   [cuda:2] 266/266 frames done.
INFO preprocessing.run_vggt:   [cuda:0] 266/266 frames done.
INFO preprocessing.run_vggt: [rank 2] chunk saved → /tmp/tmp27jxf_u_/chunk_02.npz
INFO preprocessing.run_vggt: [rank 0] chunk saved → /tmp/tmp27jxf_u_/chunk_00.npz
INFO preprocessing.run_vggt: [rank 3] chunk saved → /tmp/tmp27jxf_u_/chunk_03.npz
INFO preprocessing.run_vggt: [rank 1] chunk saved → /tmp/tmp27jxf_u_/chunk_01.npz
INFO preprocessing.run_vggt: Saved cameras → /iopsstor/scratch/cscs/tnanni/ghost_outputs/rich_test_sync/ParkingLot2_009_spray1/trial0/vggt_cameras_centered.npz  extrinsics shape=(1063, 4, 3, 4)
INFO preprocessing.run_vggt: Depth stats → valid_frames=1063/1063  nonzero_pixels=1127698432  raw depth: min=0.1992 max=11.1250 mean=1.1284
[2026-08-07T20:11:28.024] error: *** JOB 3032049 ON nid007649 CANCELLED AT 2026-08-07T20:11:28 DUE TO TIME LIMIT ***
